--
-- PostgreSQL database dump
--

\restrict JXnDXWWOqvYiUcx6w7GQP3Us7MMfcM8SV3cMhkszLDg4Fm3rAa7sXnIILyDLtsG

-- Dumped from database version 15.14 (Debian 15.14-0+deb12u1)
-- Dumped by pg_dump version 15.14 (Debian 15.14-0+deb12u1)

SET statement_timeout = 0;
SET lock_timeout = 0;
SET idle_in_transaction_session_timeout = 0;
SET client_encoding = 'UTF8';
SET standard_conforming_strings = on;
SELECT pg_catalog.set_config('search_path', '', false);
SET check_function_bodies = false;
SET xmloption = content;
SET client_min_messages = warning;
SET row_security = off;

SET default_tablespace = '';

SET default_table_access_method = heap;

--
-- Name: costs_categorymodel; Type: TABLE; Schema: public; Owner: adminmino_user
--

CREATE TABLE public.costs_categorymodel (
    id bigint NOT NULL,
    category character varying(150) NOT NULL
);


ALTER TABLE public.costs_categorymodel OWNER TO adminmino_user;

--
-- Name: costs_categorymodel_id_seq; Type: SEQUENCE; Schema: public; Owner: adminmino_user
--

ALTER TABLE public.costs_categorymodel ALTER COLUMN id ADD GENERATED BY DEFAULT AS IDENTITY (
    SEQUENCE NAME public.costs_categorymodel_id_seq
    START WITH 1
    INCREMENT BY 1
    NO MINVALUE
    NO MAXVALUE
    CACHE 1
);


--
-- Name: costs_costmodel; Type: TABLE; Schema: public; Owner: adminmino_user
--

CREATE TABLE public.costs_costmodel (
    id bigint NOT NULL,
    cost_date date NOT NULL,
    euro_amount numeric(10,2) NOT NULL,
    is_credit boolean NOT NULL,
    cost_note character varying(250),
    category_id_id bigint NOT NULL,
    description_id_id bigint NOT NULL,
    ai_summary character varying,
    file_name character varying,
    invoice_nmb character varying,
    quarter_reference character varying,
    supplier character varying,
    amount_btw numeric(10,2),
    amount_no_btw numeric(10,2),
    btw_percent numeric(10,2),
    is_archived boolean NOT NULL,
    year_reference integer
);


ALTER TABLE public.costs_costmodel OWNER TO adminmino_user;

--
-- Name: costs_costmodel_id_seq; Type: SEQUENCE; Schema: public; Owner: adminmino_user
--

ALTER TABLE public.costs_costmodel ALTER COLUMN id ADD GENERATED BY DEFAULT AS IDENTITY (
    SEQUENCE NAME public.costs_costmodel_id_seq
    START WITH 1
    INCREMENT BY 1
    NO MINVALUE
    NO MAXVALUE
    CACHE 1
);


--
-- Name: costs_descriptionmodel; Type: TABLE; Schema: public; Owner: adminmino_user
--

CREATE TABLE public.costs_descriptionmodel (
    id bigint NOT NULL,
    description character varying(250) NOT NULL,
    "categoryID_id" bigint NOT NULL
);


ALTER TABLE public.costs_descriptionmodel OWNER TO adminmino_user;

--
-- Name: costs_descriptionmodel_id_seq; Type: SEQUENCE; Schema: public; Owner: adminmino_user
--

ALTER TABLE public.costs_descriptionmodel ALTER COLUMN id ADD GENERATED BY DEFAULT AS IDENTITY (
    SEQUENCE NAME public.costs_descriptionmodel_id_seq
    START WITH 1
    INCREMENT BY 1
    NO MINVALUE
    NO MAXVALUE
    CACHE 1
);


--
-- Name: customers_customermodel; Type: TABLE; Schema: public; Owner: adminmino_user
--

CREATE TABLE public.customers_customermodel (
    id bigint NOT NULL,
    name character varying(250) NOT NULL,
    address character varying(250),
    postcode character varying(10),
    city character varying(100),
    nation character varying(100),
    phone character varying(15),
    email character varying(255),
    btw character varying(20),
    kvk character varying(20),
    bankaccountname character varying(80),
    iban character varying(34),
    is_active boolean NOT NULL
);


ALTER TABLE public.customers_customermodel OWNER TO adminmino_user;

--
-- Name: customers_customermodel_id_seq; Type: SEQUENCE; Schema: public; Owner: adminmino_user
--

ALTER TABLE public.customers_customermodel ALTER COLUMN id ADD GENERATED BY DEFAULT AS IDENTITY (
    SEQUENCE NAME public.customers_customermodel_id_seq
    START WITH 1
    INCREMENT BY 1
    NO MINVALUE
    NO MAXVALUE
    CACHE 1
);


--
-- Name: entries_entrymodel; Type: TABLE; Schema: public; Owner: adminmino_user
--

CREATE TABLE public.entries_entrymodel (
    id bigint NOT NULL,
    date date NOT NULL,
    overdue_date date,
    quotation_reference character varying(11),
    invoice_reference character varying(11),
    is_invoice boolean NOT NULL,
    is_commission boolean NOT NULL,
    is_quotation boolean NOT NULL,
    is_paid boolean NOT NULL,
    pallets_quantity integer,
    pallets_price numeric(10,2) NOT NULL,
    pallets_total_price numeric(10,2) NOT NULL,
    pallets_notes character varying(500),
    transport_gross integer,
    transport_bereken integer,
    transport_price_for_ton numeric(10,2) NOT NULL,
    transport_diesel_toeslag integer NOT NULL,
    transport_extra_stop integer NOT NULL,
    transport_extra_stop_cost numeric(10,2) NOT NULL,
    transport_total_no_btw numeric(10,2) NOT NULL,
    transport_total_btw numeric(10,2) NOT NULL,
    temp_no_btw_total numeric(10,2),
    no_btw_total numeric(10,2),
    btw_total numeric(10,2),
    discount integer,
    btw_total_discount numeric(10,2),
    final_total numeric(10,2),
    loading_info character varying(300),
    notes character varying(500),
    company_id_id bigint,
    customer_id_id bigint,
    loading_address_id bigint,
    supplier_id_id bigint,
    is_archived boolean NOT NULL,
    quarter_reference character varying,
    year_reference integer
);


ALTER TABLE public.entries_entrymodel OWNER TO adminmino_user;

--
-- Name: entries_entrymodel_id_seq; Type: SEQUENCE; Schema: public; Owner: adminmino_user
--

ALTER TABLE public.entries_entrymodel ALTER COLUMN id ADD GENERATED BY DEFAULT AS IDENTITY (
    SEQUENCE NAME public.entries_entrymodel_id_seq
    START WITH 1
    INCREMENT BY 1
    NO MINVALUE
    NO MAXVALUE
    CACHE 1
);


--
-- Name: entries_entryproductsmodel; Type: TABLE; Schema: public; Owner: adminmino_user
--

CREATE TABLE public.entries_entryproductsmodel (
    id bigint NOT NULL,
    name character varying(250),
    description character varying(250),
    quantity numeric(10,2) NOT NULL,
    unity character varying(2) NOT NULL,
    unity_price numeric(10,2) NOT NULL,
    discount numeric(3,1) NOT NULL,
    total numeric(10,2),
    entry_id_id bigint NOT NULL
);


ALTER TABLE public.entries_entryproductsmodel OWNER TO adminmino_user;

--
-- Name: entries_entryproductsmodel_id_seq; Type: SEQUENCE; Schema: public; Owner: adminmino_user
--

ALTER TABLE public.entries_entryproductsmodel ALTER COLUMN id ADD GENERATED BY DEFAULT AS IDENTITY (
    SEQUENCE NAME public.entries_entryproductsmodel_id_seq
    START WITH 1
    INCREMENT BY 1
    NO MINVALUE
    NO MAXVALUE
    CACHE 1
);


--
-- Name: mycompany_mycompanymodel; Type: TABLE; Schema: public; Owner: adminmino_user
--

CREATE TABLE public.mycompany_mycompanymodel (
    id bigint NOT NULL,
    name character varying(250) NOT NULL,
    address character varying(250),
    postcode character varying(10),
    city character varying(100),
    nation character varying(100),
    telephone character varying(15),
    email character varying(254),
    btw character varying(25),
    kvk character varying(25),
    iban character varying(34),
    is_active boolean NOT NULL
);


ALTER TABLE public.mycompany_mycompanymodel OWNER TO adminmino_user;

--
-- Name: mycompany_mycompanymodel_id_seq; Type: SEQUENCE; Schema: public; Owner: adminmino_user
--

ALTER TABLE public.mycompany_mycompanymodel ALTER COLUMN id ADD GENERATED BY DEFAULT AS IDENTITY (
    SEQUENCE NAME public.mycompany_mycompanymodel_id_seq
    START WITH 1
    INCREMENT BY 1
    NO MINVALUE
    NO MAXVALUE
    CACHE 1
);


--
-- Name: suppliers_loadingaddressmodel; Type: TABLE; Schema: public; Owner: adminmino_user
--

CREATE TABLE public.suppliers_loadingaddressmodel (
    id bigint NOT NULL,
    address character varying(250) NOT NULL,
    postcode character varying(10) NOT NULL,
    city character varying(100) NOT NULL,
    nation character varying(100) NOT NULL,
    supplier_id_id bigint NOT NULL
);


ALTER TABLE public.suppliers_loadingaddressmodel OWNER TO adminmino_user;

--
-- Name: suppliers_loadingaddressmodel_id_seq; Type: SEQUENCE; Schema: public; Owner: adminmino_user
--

ALTER TABLE public.suppliers_loadingaddressmodel ALTER COLUMN id ADD GENERATED BY DEFAULT AS IDENTITY (
    SEQUENCE NAME public.suppliers_loadingaddressmodel_id_seq
    START WITH 1
    INCREMENT BY 1
    NO MINVALUE
    NO MAXVALUE
    CACHE 1
);


--
-- Name: suppliers_suppliermodel; Type: TABLE; Schema: public; Owner: adminmino_user
--

CREATE TABLE public.suppliers_suppliermodel (
    id bigint NOT NULL,
    name character varying(250) NOT NULL,
    address character varying(250),
    postcode character varying(10),
    city character varying(100),
    nation character varying(100),
    phone character varying(15),
    email character varying(255),
    btw character varying(20),
    kvk character varying(20),
    bankaccountname character varying(80),
    iban character varying(34),
    is_active boolean NOT NULL
);


ALTER TABLE public.suppliers_suppliermodel OWNER TO adminmino_user;

--
-- Name: suppliers_suppliermodel_id_seq; Type: SEQUENCE; Schema: public; Owner: adminmino_user
--

ALTER TABLE public.suppliers_suppliermodel ALTER COLUMN id ADD GENERATED BY DEFAULT AS IDENTITY (
    SEQUENCE NAME public.suppliers_suppliermodel_id_seq
    START WITH 1
    INCREMENT BY 1
    NO MINVALUE
    NO MAXVALUE
    CACHE 1
);


--
-- Data for Name: costs_categorymodel; Type: TABLE DATA; Schema: public; Owner: adminmino_user
--

COPY public.costs_categorymodel (id, category) FROM stdin;
1	BOOKKEEPER
2	CAR
3	GENERAL
8	TAX
9	GARAGEBOX
6	TRADE
4	SUBSCRIPTIONS
7	ABROAD
\.


--
-- Data for Name: costs_costmodel; Type: TABLE DATA; Schema: public; Owner: adminmino_user
--

COPY public.costs_costmodel (id, cost_date, euro_amount, is_credit, cost_note, category_id_id, description_id_id, ai_summary, file_name, invoice_nmb, quarter_reference, supplier, amount_btw, amount_no_btw, btw_percent, is_archived, year_reference) FROM stdin;
88	2024-04-29	61.00	f	Apr24	2	10	\N	\N	\N	\N	\N	\N	\N	\N	t	\N
87	2024-04-26	88.00	t	BTW Q1	8	42	\N	\N	\N	\N	\N	\N	\N	\N	t	\N
86	2024-04-22	23.87	f	\N	3	15	\N	\N	\N	\N	\N	\N	\N	\N	t	\N
91	2024-04-18	126.00	f	Cerdomus 2161526	6	33	\N	\N	\N	\N	\N	\N	\N	\N	t	\N
85	2024-04-03	636.71	t	interessi	3	15	\N	\N	\N	\N	\N	\N	\N	\N	t	\N
84	2024-04-02	155.25	f	Apr24	2	9	\N	\N	\N	\N	\N	\N	\N	\N	t	\N
83	2024-04-01	2400.00	f	Apr24	3	19	\N	\N	\N	\N	\N	\N	\N	\N	t	\N
82	2024-03-30	21.50	f	intercodam	3	17	\N	\N	\N	\N	\N	\N	\N	\N	t	\N
81	2024-03-29	12.40	f	new client	3	17	\N	\N	\N	\N	\N	\N	\N	\N	t	\N
80	2024-03-29	135.61	f	Makro	2	8	\N	\N	\N	\N	\N	\N	\N	\N	t	\N
74	2024-03-19	88.36	f	\N	7	36	\N	\N	\N	\N	\N	\N	\N	\N	t	\N
57	2024-03-19	22.30	f	Factuur 450014796206	7	30	\N	\N	\N	\N	\N	\N	\N	\N	t	\N
56	2024-03-18	29.35	f	Factuur 1288308611	4	23	\N	\N	\N	\N	\N	\N	\N	\N	t	\N
59	2024-03-18	22.84	f	\N	3	15	\N	\N	\N	\N	\N	\N	\N	\N	t	\N
64	2024-03-17	93.00	f	\N	3	17	\N	\N	\N	\N	\N	\N	\N	\N	t	\N
63	2024-03-16	15.98	f	\N	3	17	\N	\N	\N	\N	\N	\N	\N	\N	t	\N
70	2024-03-15	132.28	f	Makro	2	8	\N	\N	\N	\N	\N	\N	\N	\N	t	\N
71	2024-03-15	20.17	f	Aurora	2	8	\N	\N	\N	\N	\N	\N	\N	\N	t	\N
75	2024-03-10	151.55	f	Amazon.nl - Order 403-7656839-4362714	3	18	\N	\N	\N	\N	\N	\N	\N	\N	t	\N
54	2024-03-09	117.42	f	Ryanair - bologna 15-17/05	7	34	\N	\N	\N	\N	\N	\N	\N	\N	t	\N
62	2024-03-09	9.30	f	Texel	3	16	\N	\N	\N	\N	\N	\N	\N	\N	t	\N
61	2024-03-09	4.20	f	\N	3	17	\N	\N	\N	\N	\N	\N	\N	\N	t	\N
72	2024-03-07	142.68	f	Makro	2	8	\N	\N	\N	\N	\N	\N	\N	\N	t	\N
66	2024-03-05	24.10	f	\N	3	17	\N	\N	\N	\N	\N	\N	\N	\N	t	\N
73	2024-03-05	145.11	f	Autoradam	2	8	\N	\N	\N	\N	\N	\N	\N	\N	t	\N
55	2024-03-04	70.00	f	{year2024}-0169	2	13	\N	\N	\N	\N	\N	\N	\N	\N	t	\N
68	2024-03-04	5.00	f	\N	2	12	\N	\N	\N	\N	\N	\N	\N	\N	t	\N
65	2024-03-03	12.40	f	\N	3	17	\N	\N	\N	\N	\N	\N	\N	\N	t	\N
52	2024-03-01	2400.00	f	Mar24	3	19	\N	\N	\N	\N	\N	\N	\N	\N	t	\N
53	2024-03-01	155.25	f	Mar24	2	9	\N	\N	\N	\N	\N	\N	\N	\N	t	\N
38	2024-02-28	63.09	f	Factuur 11296415100	4	21	\N	\N	\N	\N	\N	\N	\N	\N	t	\N
76	2024-03-27	20.49	f	Factuur_SMSParking_5815670	2	11	\N	\N	\N	\N	\N	\N	\N	\N	t	\N
89	2024-03-27	54.00	f	Mar24	2	10	\N	\N	\N	\N	\N	\N	\N	\N	t	\N
79	2024-03-21	124.30	f	Makro	2	8	\N	\N	\N	\N	\N	\N	\N	\N	t	\N
78	2024-03-21	53.48	f	Socialmedia	3	17	\N	\N	\N	\N	\N	\N	\N	\N	t	\N
69	2024-03-19	14.18	f	BP AdBlue	2	7	\N	\N	\N	\N	\N	\N	\N	\N	t	\N
67	2024-02-28	30.00	f	\N	3	17	\N	\N	\N	\N	\N	\N	\N	\N	t	\N
35	2024-02-27	54.00	f	Feb24	2	10	\N	\N	\N	\N	\N	\N	\N	\N	t	\N
41	2024-02-27	2.35	f	Factuur_SMSParking_5729315	2	11	\N	\N	\N	\N	\N	\N	\N	\N	t	\N
32	2024-02-24	116.41	f	\N	2	8	\N	\N	\N	\N	\N	\N	\N	\N	t	\N
44	2024-02-21	135.36	f	Tinq	2	8	\N	\N	\N	\N	\N	\N	\N	\N	t	\N
45	2024-02-13	115.67	f	Makro No Bon	2	8	\N	\N	\N	\N	\N	\N	\N	\N	t	\N
47	2024-02-07	130.28	f	Makro	2	8	\N	\N	\N	\N	\N	\N	\N	\N	t	\N
51	2024-02-03	50.30	f	belgium	3	17	\N	\N	\N	\N	\N	\N	\N	\N	t	\N
31	2024-02-02	29.35	f	KPN Factuur 1281659563	4	23	\N	\N	\N	\N	\N	\N	\N	\N	t	\N
48	2024-02-01	146.65	f	Makro	2	8	\N	\N	\N	\N	\N	\N	\N	\N	t	\N
33	2024-02-01	2400.00	f	Feb24	3	19	\N	\N	\N	\N	\N	\N	\N	\N	t	\N
29	2024-01-30	63.09	f	KPN Factuur 11292914655	4	21	\N	\N	\N	\N	\N	\N	\N	\N	t	\N
28	2024-01-30	155.25	f	Feb24	2	9	\N	\N	\N	\N	\N	\N	\N	\N	t	\N
3	2024-01-29	264.99	f	\N	1	4	\N	\N	\N	\N	\N	\N	\N	\N	t	\N
2	2024-01-29	300.00	f	GB/EC/built 24	3	20	\N	\N	\N	\N	\N	\N	\N	\N	t	\N
17	2024-01-29	12.99	f	Bloemen	3	17	\N	\N	\N	\N	\N	\N	\N	\N	t	\N
5	2024-01-29	2318.00	f	Cerdomus 1001213	6	33	\N	\N	\N	\N	\N	\N	\N	\N	t	\N
4	2024-01-29	157.93	f	123inkt.nl	3	18	\N	\N	\N	\N	\N	\N	\N	\N	t	\N
16	2024-01-24	124.86	f	Makro	2	8	\N	\N	\N	\N	\N	\N	\N	\N	t	\N
11	2024-01-20	24.80	f	De Tuintje Bouwcenter EXPO	3	20	\N	\N	\N	\N	\N	\N	\N	\N	t	\N
26	2024-01-19	22.76	f	\N	3	15	\N	\N	\N	\N	\N	\N	\N	\N	t	\N
10	2024-01-18	62.99	f	Praxis Bouwcenter EXPO	3	20	\N	\N	\N	\N	\N	\N	\N	\N	t	\N
15	2024-01-16	133.51	f	Shell	2	8	\N	\N	\N	\N	\N	\N	\N	\N	t	\N
23	2024-01-15	10.03	f	Factuur 410013371668	7	30	\N	\N	\N	\N	\N	\N	\N	\N	t	\N
40	2024-02-19	7.68	f	Factuur 440014533828	7	30	\N	\N	\N	\N	\N	\N	\N	\N	t	\N
34	2024-02-16	25.45	f	\N	3	15	\N	\N	\N	\N	\N	\N	\N	\N	t	\N
37	2024-02-16	29.35	f	Factuur 1284982551	4	23	\N	\N	\N	\N	\N	\N	\N	\N	t	\N
43	2024-02-15	37.23	f	Factuurnummer 1284908636	4	22	\N	\N	\N	\N	\N	\N	\N	\N	t	\N
39	2024-02-15	54.30	f	Factuur 410013781838	7	30	\N	\N	\N	\N	\N	\N	\N	\N	t	\N
49	2024-02-14	26.00	f	Teso-Texel	2	7	\N	\N	\N	\N	\N	\N	\N	\N	t	\N
46	2024-02-13	45.03	f	BP	2	8	\N	\N	\N	\N	\N	\N	\N	\N	t	\N
50	2024-02-13	5.00	f	Westerscheldetunnel	2	12	\N	\N	\N	\N	\N	\N	\N	\N	t	\N
30	2024-01-15	37.23	f	KPN Factuur 1281589189	4	22	\N	\N	\N	\N	\N	\N	\N	\N	t	\N
18	2024-01-15	520.00	f	winterbanden	2	13	\N	\N	\N	\N	\N	\N	\N	\N	t	\N
8	2024-01-14	7.58	f	Praxis Bouwcenter EXPO	3	20	\N	\N	\N	\N	\N	\N	\N	\N	t	\N
19	2024-01-13	13.20	f	123inkt	3	18	\N	\N	\N	\N	\N	\N	\N	\N	t	\N
14	2024-01-11	20.20	f	BP AdBlue	2	7	\N	\N	\N	\N	\N	\N	\N	\N	t	\N
13	2024-01-07	119.35	f	Makro	2	8	\N	\N	\N	\N	\N	\N	\N	\N	t	\N
7	2024-01-06	32.00	f	KWANTUM Bouwcenter EXPO	3	20	\N	\N	\N	\N	\N	\N	\N	\N	t	\N
6	2024-01-06	30.47	f	Praxis Bouwcenter EXPO	3	20	\N	\N	\N	\N	\N	\N	\N	\N	t	\N
25	2024-01-02	155.25	f	Jan24	2	9	\N	\N	\N	\N	\N	\N	\N	\N	t	\N
20	2024-01-01	2400.00	f	jan/24	3	19	\N	\N	\N	\N	\N	\N	\N	\N	t	\N
21	2024-01-01	53.00	f	Dec23	2	10	\N	\N	\N	\N	\N	\N	\N	\N	t	\N
22	2024-01-01	63.09	f	Dec23	4	21	\N	\N	\N	\N	\N	\N	\N	\N	t	\N
170	2024-07-11	2.90	f	\N	7	48	\N	\N	\N	\N	\N	\N	\N	\N	t	\N
172	2024-07-11	2.00	f	\N	7	30	\N	\N	\N	\N	\N	\N	\N	\N	t	\N
169	2024-07-10	4.70	f	\N	7	48	\N	\N	\N	\N	\N	\N	\N	\N	t	\N
171	2024-07-09	3.00	f	\N	7	30	\N	\N	\N	\N	\N	\N	\N	\N	t	\N
168	2024-07-09	2.90	f	\N	7	48	\N	\N	\N	\N	\N	\N	\N	\N	t	\N
178	2024-07-09	13.00	f	Lunch GCR	7	49	\N	\N	\N	\N	\N	\N	\N	\N	t	\N
144	2024-06-27	33.37	f	Factuurnummer: 5945923	2	11	\N	\N	\N	\N	\N	\N	\N	\N	t	\N
152	2024-06-27	61.00	f	Jun24	2	10	\N	\N	\N	\N	\N	\N	\N	\N	t	\N
155	2024-06-25	113.62	f	Makro	2	8	\N	\N	\N	\N	\N	\N	\N	\N	t	\N
164	2024-06-24	118.44	f	Gamma	2	13	\N	\N	\N	\N	\N	\N	\N	\N	t	\N
165	2024-06-23	21.99	f	Praxis	2	13	\N	\N	\N	\N	\N	\N	\N	\N	t	\N
161	2024-06-21	97.72	f	Praxis	9	44	\N	\N	\N	\N	\N	\N	\N	\N	t	\N
163	2024-06-20	6.99	f	Hema	3	18	\N	\N	\N	\N	\N	\N	\N	\N	t	\N
158	2024-06-20	88.70	f	taxi	7	30	\N	\N	\N	\N	\N	\N	\N	\N	t	\N
162	2024-06-19	17.26	f	Hornbach	9	44	\N	\N	\N	\N	\N	\N	\N	\N	t	\N
146	2024-06-19	96.23	f	Factuur 413000072057	7	30	\N	\N	\N	\N	\N	\N	\N	\N	t	\N
151	2024-06-18	25.19	f	Jun24	3	15	\N	\N	\N	\N	\N	\N	\N	\N	t	\N
148	2024-06-17	134.29	f	ICS Flight CERSAIE 2024	7	34	\N	\N	\N	\N	\N	\N	\N	\N	t	\N
166	2024-06-17	43.36	f	Praxis	9	44	\N	\N	\N	\N	\N	\N	\N	\N	t	\N
145	2024-06-17	10.19	f	1_FAC_ORG_3910945_2024-06-13 98	2	46	\N	\N	\N	\N	\N	\N	\N	\N	t	\N
147	2024-06-17	36.64	f	ICS Auto CERSAIE 24 - RENTALCARS - 770388083	7	36	\N	\N	\N	\N	\N	\N	\N	\N	t	\N
154	2024-06-13	125.90	f	Tango	2	8	\N	\N	\N	\N	\N	\N	\N	\N	t	\N
156	2024-06-11	14.88	f	BP AdBlue	2	7	\N	\N	\N	\N	\N	\N	\N	\N	t	\N
160	2024-06-09	31.77	f	Praxis	9	44	\N	\N	\N	\N	\N	\N	\N	\N	t	\N
159	2024-06-07	15.98	f	Gall&gall	3	17	\N	\N	\N	\N	\N	\N	\N	\N	t	\N
179	2024-07-08	20.00	f	MacTiles	7	49	\N	\N	\N	\N	\N	\N	\N	\N	t	\N
167	2024-07-08	7.20	f	\N	7	48	\N	\N	\N	\N	\N	\N	\N	\N	t	\N
174	2024-07-07	9.90	f	Briel	3	20	\N	\N	\N	\N	\N	\N	\N	\N	t	\N
176	2024-07-04	7.70	f	CINCA	3	16	\N	\N	\N	\N	\N	\N	\N	\N	t	\N
177	2024-07-02	46.04	f	Praxis	2	13	\N	\N	\N	\N	\N	\N	\N	\N	t	\N
143	2024-06-06	13.43	f	Jun24 -165	9	43	\N	\N	\N	\N	\N	\N	\N	\N	t	\N
153	2024-06-05	119.97	f	Makro	2	8	\N	\N	\N	\N	\N	\N	\N	\N	t	\N
142	2024-06-01	2400.00	f	Jun24	3	19	\N	\N	\N	\N	\N	\N	\N	\N	t	\N
130	2024-05-30	155.25	f	May24	2	9	\N	\N	\N	\N	\N	\N	\N	\N	t	\N
123	2024-05-29	36.30	f	11307012223	4	21	\N	\N	\N	\N	\N	\N	\N	\N	t	\N
141	2024-05-29	126.94	f	TinQ	2	8	\N	\N	\N	\N	\N	\N	\N	\N	t	\N
128	2024-05-28	17.73	f	Factuurnummer: 5902247	2	11	\N	\N	\N	\N	\N	\N	\N	\N	t	\N
129	2024-05-28	61.00	f	RoadTax	2	10	\N	\N	\N	\N	\N	\N	\N	\N	t	\N
126	2024-05-23	238.61	f	{year2024}-0366	2	13	\N	\N	\N	\N	\N	\N	\N	\N	t	\N
134	2024-05-22	46.50	f	Engel TGN	3	17	\N	\N	\N	\N	\N	\N	\N	\N	t	\N
125	2024-05-22	24.60	f	ABN Amro	3	15	\N	\N	\N	\N	\N	\N	\N	\N	t	\N
124	2024-05-20	155.86	f	Ryanair july2024	7	34	\N	\N	\N	\N	\N	\N	\N	\N	t	\N
127	2024-05-20	152.42	f	Auto + insurance Bologna July2024	7	36	\N	\N	\N	\N	\N	\N	\N	\N	t	\N
136	2024-05-17	7.90	f	Vecchia Malga	3	17	\N	\N	\N	\N	\N	\N	\N	\N	t	\N
122	2024-05-17	82.61	f	1295234352	4	22	\N	\N	\N	\N	\N	\N	\N	\N	t	\N
137	2024-05-17	7.00	f	Carosello	3	17	\N	\N	\N	\N	\N	\N	\N	\N	t	\N
138	2024-05-17	17.54	f	fuel	7	30	\N	\N	\N	\N	\N	\N	\N	\N	t	\N
139	2024-05-16	8.40	f	tol italy 2x	7	30	\N	\N	\N	\N	\N	\N	\N	\N	t	\N
135	2024-05-15	12.00	f	IKs Burger	3	17	\N	\N	\N	\N	\N	\N	\N	\N	t	\N
120	2024-05-14	130.00	f	banden	2	13	\N	\N	\N	\N	\N	\N	\N	\N	t	\N
133	2024-05-14	133.96	f	Makro	2	8	\N	\N	\N	\N	\N	\N	\N	\N	t	\N
111	2024-05-11	42.65	f	Commandant voor Van Schijndel -- 32230	6	32	\N	\N	\N	\N	\N	\N	\N	\N	t	\N
110	2024-05-11	533.31	f	202400294 - 24340	1	1	\N	\N	\N	\N	\N	\N	\N	\N	t	\N
109	2024-05-11	126.00	f	Order_Nr_2166877_date_110424_ECO_CERAMICA	6	33	\N	\N	\N	\N	\N	\N	\N	\N	t	\N
112	2024-05-11	186.29	f	NL65ABNA0558227600-20240229042822000	2	11	\N	\N	\N	\N	\N	\N	\N	\N	t	\N
132	2024-05-11	9.33	f	IKEA	3	18	\N	\N	\N	\N	\N	\N	\N	\N	t	\N
108	2024-05-05	90.45	f	VERDE1999 - van schijndel . 248100626	6	33	\N	\N	\N	\N	\N	\N	\N	\N	t	\N
118	2024-05-02	30.00	f	gifts for clients	3	17	\N	\N	\N	\N	\N	\N	\N	\N	t	\N
114	2024-05-02	271.34	f	gifts for clients	3	17	\N	\N	\N	\N	\N	\N	\N	\N	t	\N
107	2024-05-01	2400.00	f	May24	3	19	\N	\N	\N	\N	\N	\N	\N	\N	t	\N
119	2024-05-01	50.00	f	gifts for clients (paid cash)	3	17	\N	\N	\N	\N	\N	\N	\N	\N	t	\N
117	2024-05-01	100.00	f	gifts for clients	3	17	\N	\N	\N	\N	\N	\N	\N	\N	t	\N
113	2024-05-01	100.00	f	Lithos	7	30	\N	\N	\N	\N	\N	\N	\N	\N	t	\N
95	2024-04-30	17.29	f	Factuurkenmerk 11303475801	4	21	\N	\N	\N	\N	\N	\N	\N	\N	t	\N
96	2024-04-29	2.35	f	Factuur_SMSParking_5859060.pdf	2	11	\N	\N	\N	\N	\N	\N	\N	\N	t	\N
97	2024-04-24	111.22	f	Makro	2	8	\N	\N	\N	\N	\N	\N	\N	\N	t	\N
98	2024-04-22	136.64	f	Makro	2	8	\N	\N	\N	\N	\N	\N	\N	\N	t	\N
92	2024-04-18	84.64	f	Factuur 410015270728	7	30	\N	\N	\N	\N	\N	\N	\N	\N	t	\N
116	2024-04-18	20.98	f	roadshow 4plus	3	17	\N	\N	\N	\N	\N	\N	\N	\N	t	\N
94	2024-04-18	91.67	f	Factuurnummer 1291856345	4	22	\N	\N	\N	\N	\N	\N	\N	\N	t	\N
100	2024-04-17	25.05	f	consultant	3	17	\N	\N	\N	\N	\N	\N	\N	\N	t	\N
99	2024-04-15	145.28	f	Makro	2	8	\N	\N	\N	\N	\N	\N	\N	\N	t	\N
102	2024-04-14	22.40	f	Amsterdam cafe - admin sys	3	17	\N	\N	\N	\N	\N	\N	\N	\N	t	\N
101	2024-04-14	30.77	f	Praxis	3	18	\N	\N	\N	\N	\N	\N	\N	\N	t	\N
105	2024-04-09	141.78	f	Gulf	2	8	\N	\N	\N	\N	\N	\N	\N	\N	t	\N
104	2024-04-06	11.38	f	Hornbach	2	7	\N	\N	\N	\N	\N	\N	\N	\N	t	\N
106	2024-04-06	37.64	f	Truck cleaning	2	7	\N	\N	\N	\N	\N	\N	\N	\N	t	\N
267	2024-11-04	159.25	f	Nov24	2	9	\N	\N	\N	\N	\N	\N	\N	\N	t	\N
266	2024-11-01	270.00	t	BTW Q3	8	40	\N	\N	\N	\N	\N	\N	\N	\N	t	\N
256	2024-10-31	51.42	f	Factuurkenmerk 11324848961	4	21	\N	\N	\N	\N	\N	\N	\N	\N	t	\N
259	2024-10-31	19.32	f	eersel	2	52	\N	\N	\N	\N	\N	\N	\N	\N	t	\N
257	2024-10-30	61.00	f	Oct24	2	10	\N	\N	\N	\N	\N	\N	\N	\N	t	\N
258	2024-10-30	89.00	f	Oct24	2	51	\N	\N	\N	\N	\N	\N	\N	\N	t	\N
255	2024-10-29	17.94	f	Factuur_SMSParking_6120796	2	11	\N	\N	\N	\N	\N	\N	\N	\N	t	\N
262	2024-10-25	37.25	f	Tegels4u	3	17	\N	\N	\N	\N	\N	\N	\N	\N	t	\N
264	2024-10-25	105.56	f	makro	2	52	\N	\N	\N	\N	\N	\N	\N	\N	t	\N
252	2024-10-23	1090.51	f	202400726 - 24340	1	4	\N	\N	\N	\N	\N	\N	\N	\N	t	\N
253	2024-10-23	357.56	f	202400756 - 24340	1	3	\N	\N	\N	\N	\N	\N	\N	\N	t	\N
247	2024-10-21	31.60	f	Oct24	7	50	\N	\N	\N	\N	\N	\N	\N	\N	t	\N
263	2024-10-17	129.25	f	Makro	2	8	\N	\N	\N	\N	\N	\N	\N	\N	t	\N
248	2024-10-16	106.90	f	makro	2	52	\N	\N	\N	\N	\N	\N	\N	\N	t	\N
246	2024-10-16	23.43	f	Oct24	3	15	\N	\N	\N	\N	\N	\N	\N	\N	t	\N
254	2024-10-14	10.19	f	1_FAC_ORG_4729133_2024-10-09 189	2	46	\N	\N	\N	\N	\N	\N	\N	\N	t	\N
249	2024-10-11	104.18	f	TinQ	2	52	\N	\N	\N	\N	\N	\N	\N	\N	t	\N
251	2024-10-05	5.95	f	WD40	2	7	\N	\N	\N	\N	\N	\N	\N	\N	t	\N
250	2024-10-04	37.15	f	S480SX Opel Corsa	2	52	\N	\N	\N	\N	\N	\N	\N	\N	t	\N
244	2024-10-02	36.00	f	insurance auto cersaie24	7	36	\N	\N	\N	\N	\N	\N	\N	\N	t	\N
243	2024-10-02	13.43	f	Oct24	9	43	\N	\N	\N	\N	\N	\N	\N	\N	t	\N
242	2024-10-02	196.20	f	Olio clienti	3	17	\N	\N	\N	\N	\N	\N	\N	\N	t	\N
241	2024-10-01	2400.00	f	Oct24	3	19	\N	\N	\N	\N	\N	\N	\N	\N	t	\N
265	2024-11-01	2400.00	f	Nov24	3	19	\N	\N	\N	\N	\N	\N	\N	\N	t	\N
261	2024-10-31	71.00	f	Makro	2	52	\N	\N	\N	\N	\N	\N	\N	\N	t	\N
223	2024-09-30	34.51	f	Factuur_SMSParking_6077021	2	11	\N	\N	\N	\N	\N	\N	\N	\N	t	\N
222	2024-09-30	47.39	f	Factuur 11321283056	4	21	\N	\N	\N	\N	\N	\N	\N	\N	t	\N
238	2024-09-27	15.50	f	veris	3	17	\N	\N	\N	\N	\N	\N	\N	\N	t	\N
221	2024-09-27	61.00	f	Set24	2	10	\N	\N	\N	\N	\N	\N	\N	\N	t	\N
220	2024-09-27	89.00	f	Set24	2	51	\N	\N	\N	\N	\N	\N	\N	\N	t	\N
236	2024-09-26	200.00	f	Adimat belgio	3	17	\N	\N	\N	\N	\N	\N	\N	\N	t	\N
219	2024-09-24	12.80	f	Marconi Express	7	30	\N	\N	\N	\N	\N	\N	\N	\N	t	\N
240	2024-09-22	10.90	f	benzina	7	47	\N	\N	\N	\N	\N	\N	\N	\N	t	\N
233	2024-09-22	1.00	f	tol	7	48	\N	\N	\N	\N	\N	\N	\N	\N	t	\N
234	2024-09-21	18.00	f	JH	3	17	\N	\N	\N	\N	\N	\N	\N	\N	t	\N
218	2024-09-21	12.80	f	Marconi EXP	7	30	\N	\N	\N	\N	\N	\N	\N	\N	t	\N
235	2024-09-20	7.95	f	Eindhoven Airport	3	17	\N	\N	\N	\N	\N	\N	\N	\N	t	\N
237	2024-09-20	93.00	f	Groot in Tegels	3	17	\N	\N	\N	\N	\N	\N	\N	\N	t	\N
217	2024-09-18	24.76	f	Factuur 452000416185	7	50	\N	\N	\N	\N	\N	\N	\N	\N	t	\N
216	2024-09-17	22.69	f	Set24	3	15	\N	\N	\N	\N	\N	\N	\N	\N	t	\N
215	2024-09-16	69.29	f	Factuur 1308593350	4	22	\N	\N	\N	\N	\N	\N	\N	\N	t	\N
231	2024-09-14	27.40	f	opening Sjord&Jim. / Closing Verhoeven van Erp	3	17	\N	\N	\N	\N	\N	\N	\N	\N	t	\N
214	2024-09-12	10.19	f	Set24	2	46	\N	\N	\N	\N	\N	\N	\N	\N	t	\N
230	2024-09-12	2.99	f	batteries	2	7	\N	\N	\N	\N	\N	\N	\N	\N	t	\N
228	2024-09-09	117.53	f	makro	2	8	\N	\N	\N	\N	\N	\N	\N	\N	t	\N
227	2024-09-07	113.29	f	garagebox	9	44	\N	\N	\N	\N	\N	\N	\N	\N	t	\N
239	2024-09-06	104.24	f	benzina	2	52	\N	\N	\N	\N	\N	\N	\N	\N	t	\N
229	2024-09-06	14.50	f	julius	3	17	\N	\N	\N	\N	\N	\N	\N	\N	t	\N
226	2024-09-02	4.55	f	post	3	16	\N	\N	\N	\N	\N	\N	\N	\N	t	\N
212	2024-09-01	2400.00	f	Set24	3	19	\N	\N	\N	\N	\N	\N	\N	\N	t	\N
211	2024-08-30	15.98	f	Gall&Gall - openings Sjors&Jim Tegels	3	17	\N	\N	\N	\N	\N	\N	\N	\N	t	\N
193	2024-08-29	358.16	f	202400508	1	2	\N	\N	\N	\N	\N	\N	\N	\N	t	\N
194	2024-08-29	13.43	f	Factuurnr_NVK_M004_2024-178	9	43	\N	\N	\N	\N	\N	\N	\N	\N	t	\N
197	2024-08-28	36.30	f	Factuur 11317727988	4	21	\N	\N	\N	\N	\N	\N	\N	\N	t	\N
206	2024-08-27	61.00	f	Aug24	2	10	\N	\N	\N	\N	\N	\N	\N	\N	t	\N
201	2024-08-27	5.43	f	Factuur_SMSParking_6033032	2	11	\N	\N	\N	\N	\N	\N	\N	\N	t	\N
210	2024-08-20	19.00	f	carwash	2	13	\N	\N	\N	\N	\N	\N	\N	\N	t	\N
209	2024-08-19	13.17	f	Praxis	9	44	\N	\N	\N	\N	\N	\N	\N	\N	t	\N
199	2024-08-19	86.46	f	Factuur 431000288964	7	30	\N	\N	\N	\N	\N	\N	\N	\N	t	\N
204	2024-08-16	22.67	f	Aug24	3	15	\N	\N	\N	\N	\N	\N	\N	\N	t	\N
196	2024-08-16	72.66	f	Factuur 1305276464	4	22	\N	\N	\N	\N	\N	\N	\N	\N	t	\N
195	2024-08-13	10.19	f	1_FAC_ORG_4361809_2024-08-09 907	2	46	\N	\N	\N	\N	\N	\N	\N	\N	t	\N
208	2024-08-08	3.64	f	Post v/d Rijt	3	16	\N	\N	\N	\N	\N	\N	\N	\N	t	\N
207	2024-08-08	3.64	f	CINCA	3	16	\N	\N	\N	\N	\N	\N	\N	\N	t	\N
203	2024-08-05	159.25	f	MD96940824	2	9	\N	\N	\N	\N	\N	\N	\N	\N	t	\N
198	2024-08-01	36.30	f	Factuur 11314129089	4	21	\N	\N	\N	\N	\N	\N	\N	\N	t	\N
205	2024-08-01	61.00	f	Jul24	2	10	\N	\N	\N	\N	\N	\N	\N	\N	t	\N
191	2024-07-29	5.43	f	Factuurnummer: 5989722	2	10	\N	\N	\N	\N	\N	\N	\N	\N	t	\N
192	2024-07-17	24.82	f	July24	3	15	\N	\N	\N	\N	\N	\N	\N	\N	t	\N
189	2024-07-16	58.03	f	Factuurnummer 1301916611	4	22	\N	\N	\N	\N	\N	\N	\N	\N	t	\N
188	2024-07-11	10.19	f	Juli24	2	46	\N	\N	\N	\N	\N	\N	\N	\N	t	\N
182	2024-07-11	6.00	f	VERIS	7	49	\N	\N	\N	\N	\N	\N	\N	\N	t	\N
183	2024-07-09	3.00	f	Bas TGN	7	49	\N	\N	\N	\N	\N	\N	\N	\N	t	\N
181	2024-07-07	9.80	f	Gabriele Pini GCR	7	49	\N	\N	\N	\N	\N	\N	\N	\N	t	\N
180	2024-07-07	110.00	f	Giorgio Caprara	7	49	\N	\N	\N	\N	\N	\N	\N	\N	t	\N
187	2024-07-05	155.86	t	Refund of cancelled flight Ryanair	7	34	\N	\N	\N	\N	\N	\N	\N	\N	t	\N
186	2024-07-04	438.83	f	Ams-Blq	7	34	\N	\N	\N	\N	\N	\N	\N	\N	t	\N
185	2024-07-01	159.25	f	Juli2024	2	9	\N	\N	\N	\N	\N	\N	\N	\N	t	\N
184	2024-07-01	2400.00	f	Salari Juli24	3	19	\N	\N	\N	\N	\N	\N	\N	\N	t	\N
352	2025-03-12	10.19	f	1_FAC_ORG_5611043_2025-03-10 1456	2	46	\N	\N	\N	\N	\N	\N	\N	\N	t	\N
353	2025-03-01	2400.00	f	Mar25	3	19	\N	\N	\N	\N	\N	\N	\N	\N	t	\N
330	2025-02-28	51.42	f	Factuur 11339560744	4	21	\N	\N	\N	\N	\N	\N	\N	\N	t	\N
346	2025-02-28	9.40	f	AdBlue	2	7	\N	\N	\N	\N	\N	\N	\N	\N	t	\N
338	2025-02-28	471.90	f	{year2025}0164	2	13	\N	\N	\N	\N	\N	\N	\N	\N	t	\N
337	2025-02-28	61.00	f	feb25	2	10	\N	\N	\N	\N	\N	\N	\N	\N	t	\N
332	2025-02-27	17.43	f	Factuur_SMSParking_6290710	2	11	\N	\N	\N	\N	\N	\N	\N	\N	t	\N
327	2025-02-26	701.43	f	GR 767	6	33	\N	\N	\N	\N	\N	\N	\N	\N	t	\N
339	2025-02-26	73.77	f	Praxis	9	44	\N	\N	\N	\N	\N	\N	\N	\N	t	\N
344	2025-02-24	20.91	f	tegelzetters	3	17	\N	\N	\N	\N	\N	\N	\N	\N	t	\N
345	2025-02-24	20.07	f	tegelzettewrs	3	17	\N	\N	\N	\N	\N	\N	\N	\N	t	\N
340	2025-02-21	29.70	f	PR 4+	3	17	\N	\N	\N	\N	\N	\N	\N	\N	t	\N
341	2025-02-20	15.40	f	PR 4+	3	17	\N	\N	\N	\N	\N	\N	\N	\N	t	\N
342	2025-02-19	6.75	f	dolomite	3	17	\N	\N	\N	\N	\N	\N	\N	\N	t	\N
351	2025-02-18	103.20	f	Makro	2	52	\N	\N	\N	\N	\N	\N	\N	\N	t	\N
331	2025-02-18	40.89	f	Factuur 451001145313	7	50	\N	\N	\N	\N	\N	\N	\N	\N	t	\N
336	2025-02-18	22.21	f	feb25	3	15	\N	\N	\N	\N	\N	\N	\N	\N	t	\N
328	2025-02-17	771.26	f	GR 1273	6	33	\N	\N	\N	\N	\N	\N	\N	\N	t	\N
329	2025-02-17	70.44	f	Factuur 1325753228	4	22	\N	\N	\N	\N	\N	\N	\N	\N	t	\N
348	2025-02-14	134.74	f	TinQ	2	8	\N	\N	\N	\N	\N	\N	\N	\N	t	\N
326	2025-02-12	10.19	f	1_FAC_ORG_5463704_2025-02-10 104	2	46	\N	\N	\N	\N	\N	\N	\N	\N	t	\N
349	2025-02-10	142.87	f	TinQ	2	8	\N	\N	\N	\N	\N	\N	\N	\N	t	\N
350	2025-02-06	104.44	f	Makro	2	52	\N	\N	\N	\N	\N	\N	\N	\N	t	\N
335	2025-02-04	159.25	f	feb25	2	9	\N	\N	\N	\N	\N	\N	\N	\N	t	\N
324	2025-02-03	316.11	f	20250061 - 24340	1	4	\N	\N	\N	\N	\N	\N	\N	\N	t	\N
334	2025-02-03	625.48	f	GR627	6	33	\N	\N	\N	\N	\N	\N	\N	\N	t	\N
333	2025-02-03	2.81	f	Rekeningoverzicht-46228610013-2025-02	3	20	\N	\N	\N	\N	\N	\N	\N	\N	t	\N
325	2025-02-03	161.16	f	Factuurnr_NVK_M004_2025-046	9	43	\N	\N	\N	\N	\N	\N	\N	\N	t	\N
323	2025-02-01	2400.00	f	feb25	3	19	\N	\N	\N	\N	\N	\N	\N	\N	t	\N
314	2025-01-29	51.42	f	Factuur 11335822479	4	21	\N	\N	\N	\N	\N	\N	\N	\N	t	\N
318	2025-01-27	26.56	f	jan25	3	15	\N	\N	\N	\N	\N	\N	\N	\N	t	\N
321	2025-01-27	89.00	f	jan25	2	51	\N	\N	\N	\N	\N	\N	\N	\N	t	\N
320	2025-01-27	61.00	f	jan25	2	10	\N	\N	\N	\N	\N	\N	\N	\N	t	\N
317	2025-01-27	165.45	f	dropbox apple	4	25	\N	\N	\N	\N	\N	\N	\N	\N	t	\N
319	2025-01-24	14.35	f	pr	3	17	\N	\N	\N	\N	\N	\N	\N	\N	t	\N
312	2025-01-17	48.85	f	000007823700001#440017012818#Factuur 440017012818	7	50	\N	\N	\N	\N	\N	\N	\N	\N	t	\N
313	2025-01-16	70.44	f	Factuur 1322165673	4	22	\N	\N	\N	\N	\N	\N	\N	\N	t	\N
311	2025-01-13	10.19	f	1_FAC_ORG_5276873_2025-01-09 721	2	46	\N	\N	\N	\N	\N	\N	\N	\N	t	\N
322	2025-01-06	65.40	f	garagebox	9	43	\N	\N	\N	\N	\N	\N	\N	\N	t	\N
310	2025-01-02	2400.00	f	jan25	3	19	\N	\N	\N	\N	\N	\N	\N	\N	t	\N
309	2024-12-31	51.42	f	Factuur 11332092527	4	21	\N	\N	\N	\N	\N	\N	\N	\N	t	\N
315	2024-12-30	8.05	f	Factuur_SMSParking_6206853.pdf	2	11	\N	\N	\N	\N	\N	\N	\N	\N	t	\N
306	2024-12-27	89.00	f	Dec24	2	51	\N	\N	\N	\N	\N	\N	\N	\N	t	\N
305	2024-12-27	61.00	f	Dec24	2	10	\N	\N	\N	\N	\N	\N	\N	\N	t	\N
308	2024-12-27	18.25	f	tegelboerderij &TegelAdvies	3	17	\N	\N	\N	\N	\N	\N	\N	\N	t	\N
307	2024-12-27	2.99	f	envelops	3	18	\N	\N	\N	\N	\N	\N	\N	\N	t	\N
304	2024-12-21	266.50	f	tegelprijsvechter	3	17	\N	\N	\N	\N	\N	\N	\N	\N	t	\N
286	2024-12-20	13.43	f	M004 factuur 2024-173	9	43	\N	\N	\N	\N	\N	\N	\N	\N	t	\N
303	2024-12-20	34.48	f	commandant BTC	3	17	\N	\N	\N	\N	\N	\N	\N	\N	t	\N
299	2024-12-20	77353.00	f	inkomstenbelasting premie volksverzekeringen 2023	8	38	\N	\N	\N	\N	\N	\N	\N	\N	t	\N
298	2024-12-20	3769.00	f	inkomensafgankelijke bijdrage zorgverzekeringswet 2023	8	38	\N	\N	\N	\N	\N	\N	\N	\N	t	\N
284	2024-12-20	13.43	f	Factuurnr_NVK_M004_2024-194	9	43	\N	\N	\N	\N	\N	\N	\N	\N	t	\N
285	2024-12-20	13.43	f	Factuurnr_NVK_M004_2024-199	9	43	\N	\N	\N	\N	\N	\N	\N	\N	t	\N
302	2024-12-16	136.53	f	2 bills + 3 terurns	9	44	\N	\N	\N	\N	\N	\N	\N	\N	t	\N
294	2024-12-16	22.33	f	Factuur 451000854511	7	50	\N	\N	\N	\N	\N	\N	\N	\N	t	\N
293	2024-12-16	70.44	f	Factuur 1318771379	4	22	\N	\N	\N	\N	\N	\N	\N	\N	t	\N
297	2024-12-16	21.72	f	Dec24	3	15	\N	\N	\N	\N	\N	\N	\N	\N	t	\N
292	2024-12-12	10.19	f	1_FAC_ORG_5097107_2024-12-09 974	2	46	\N	\N	\N	\N	\N	\N	\N	\N	t	\N
289	2024-12-12	99.91	f	Makro	2	52	\N	\N	\N	\N	\N	\N	\N	\N	t	\N
291	2024-12-11	49.95	f	novitalia	3	17	\N	\N	\N	\N	\N	\N	\N	\N	t	\N
290	2024-12-10	24.00	f	JH bas	3	17	\N	\N	\N	\N	\N	\N	\N	\N	t	\N
287	2024-12-06	140.22	f	Makro	2	8	\N	\N	\N	\N	\N	\N	\N	\N	t	\N
288	2024-12-02	108.94	f	Makro	2	52	\N	\N	\N	\N	\N	\N	\N	\N	t	\N
295	2024-12-01	2400.00	f	Dec24	3	19	\N	\N	\N	\N	\N	\N	\N	\N	t	\N
277	2024-11-29	24.68	f	Factuur_SMSParking_6164087	2	11	\N	\N	\N	\N	\N	\N	\N	\N	t	\N
276	2024-11-29	51.42	f	Factuur 11328469521	4	21	\N	\N	\N	\N	\N	\N	\N	\N	t	\N
280	2024-11-29	127.88	f	Makro	2	8	\N	\N	\N	\N	\N	\N	\N	\N	t	\N
274	2024-11-27	61.00	f	Nov24	2	10	\N	\N	\N	\N	\N	\N	\N	\N	t	\N
275	2024-11-27	89.00	f	Nov24	2	51	\N	\N	\N	\N	\N	\N	\N	\N	t	\N
272	2024-11-19	131.80	f	Factuur 442000698808	7	50	\N	\N	\N	\N	\N	\N	\N	\N	t	\N
281	2024-11-19	81.45	f	Makro	2	52	\N	\N	\N	\N	\N	\N	\N	\N	t	\N
271	2024-11-18	25.15	f	Nov24	3	15	\N	\N	\N	\N	\N	\N	\N	\N	t	\N
279	2024-11-16	20.20	f	Zijlstra's Ijzerhandel	9	44	\N	\N	\N	\N	\N	\N	\N	\N	t	\N
269	2024-11-14	10.19	f	1_FAC_ORG_4901243_2024-11-11 425	2	46	\N	\N	\N	\N	\N	\N	\N	\N	t	\N
278	2024-11-13	5.75	f	PR Marcel 4plus	3	17	\N	\N	\N	\N	\N	\N	\N	\N	t	\N
282	2024-11-13	106.52	f	Makro	2	52	\N	\N	\N	\N	\N	\N	\N	\N	t	\N
283	2024-11-06	97.98	f	Makro	2	52	\N	\N	\N	\N	\N	\N	\N	\N	t	\N
411	2025-05-29	48.00	f	Factuurnr_NVK_M004_2025-178	9	43	\N	\N	\N	\N	\N	\N	\N	\N	t	\N
419	2025-05-29	40.02	f	ICS-car cersaie25	7	36	\N	\N	\N	\N	\N	\N	\N	\N	t	\N
418	2025-05-29	103.44	f	ICS-car july25	7	36	\N	\N	\N	\N	\N	\N	\N	\N	t	\N
410	2025-05-29	6.48	f	Factuurnr_NVK_M004_2025-140	9	43	\N	\N	\N	\N	\N	\N	\N	\N	t	\N
415	2025-05-28	9.26	f	Factuur_SMSParking_6413839.pdf	2	11	\N	\N	\N	\N	\N	\N	\N	\N	t	\N
437	2025-05-28	9.40	f	lunch aereoporto	3	17	\N	\N	\N	\N	\N	\N	\N	\N	t	\N
422	2025-05-27	60.00	f	May25	2	10	\N	\N	\N	\N	\N	\N	\N	\N	t	\N
436	2025-05-27	5.60	f	tol italy	2	12	\N	\N	\N	\N	\N	\N	\N	\N	t	\N
413	2025-05-27	51.43	f	Factuur 11351036685	4	21	\N	\N	\N	\N	\N	\N	\N	\N	t	\N
438	2025-05-26	9.50	f	dinner	3	17	\N	\N	\N	\N	\N	\N	\N	\N	t	\N
439	2025-05-26	7.10	f	tol italy 2x	2	12	\N	\N	\N	\N	\N	\N	\N	\N	t	\N
412	2025-05-25	119.96	f	ICS-27080600- ins may25	7	36	\N	\N	\N	\N	\N	\N	\N	\N	t	\N
440	2025-05-24	26.50	f	dinner	3	17	\N	\N	\N	\N	\N	\N	\N	\N	t	\N
430	2025-05-12	9.87	f	primera	3	18	\N	\N	\N	\N	\N	\N	\N	\N	t	\N
426	2025-05-11	5.87	f	AH	9	45	\N	\N	\N	\N	\N	\N	\N	\N	t	\N
429	2025-05-07	121.61	f	makro	2	8	\N	\N	\N	\N	\N	\N	\N	\N	t	\N
431	2025-05-07	20.56	f	Shell	2	8	\N	\N	\N	\N	\N	\N	\N	\N	t	\N
417	2025-05-07	691.45	f	3649	6	33	\N	\N	\N	\N	\N	\N	\N	\N	t	\N
405	2025-05-06	159.25	f	May25	2	9	\N	\N	\N	\N	\N	\N	\N	\N	t	\N
432	2025-05-01	127.00	f	spain	3	17	\N	\N	\N	\N	\N	\N	\N	\N	t	\N
385	2025-04-30	51.42	f	Factuur 11347199997	4	21	\N	\N	\N	\N	\N	\N	\N	\N	t	\N
387	2025-04-29	2.35	f	Factuur_SMSParking_6373006	2	11	\N	\N	\N	\N	\N	\N	\N	\N	t	\N
395	2025-04-28	59.00	f	Apr25	2	10	\N	\N	\N	\N	\N	\N	\N	\N	t	\N
402	2025-04-27	118.83	f	makro	2	8	\N	\N	\N	\N	\N	\N	\N	\N	t	\N
400	2025-04-23	16.70	f	Conrad	3	17	\N	\N	\N	\N	\N	\N	\N	\N	t	\N
401	2025-04-23	122.84	f	makro	2	8	\N	\N	\N	\N	\N	\N	\N	\N	t	\N
386	2025-04-22	41.20	f	Factuur 411001326354	7	50	\N	\N	\N	\N	\N	\N	\N	\N	t	\N
399	2025-04-22	22.99	f	Praxis	9	44	\N	\N	\N	\N	\N	\N	\N	\N	t	\N
393	2025-04-16	70.44	f	Factuurnummer 1332494719	4	22	\N	\N	\N	\N	\N	\N	\N	\N	t	\N
389	2025-04-15	231.79	f	Flight2CERSAIE	7	34	\N	\N	\N	\N	\N	\N	\N	\N	t	\N
381	2025-04-14	10.19	f	1_FAC_ORG_5764416_2025-04-09 1425	2	46	\N	\N	\N	\N	\N	\N	\N	\N	t	\N
398	2025-04-13	41.50	f	PR-Ross	3	17	\N	\N	\N	\N	\N	\N	\N	\N	t	\N
397	2025-04-11	100.00	f	PR-Ross	3	17	\N	\N	\N	\N	\N	\N	\N	\N	t	\N
414	2025-05-21	57.12	f	Factuur 432001446371	7	50	\N	\N	\N	\N	\N	\N	\N	\N	t	\N
434	2025-05-21	124.14	f	snel tank	2	8	\N	\N	\N	\N	\N	\N	\N	\N	t	\N
425	2025-05-19	121.00	f	banden	2	13	\N	\N	\N	\N	\N	\N	\N	\N	t	\N
420	2025-05-19	24.98	f	may25	3	15	\N	\N	\N	\N	\N	\N	\N	\N	t	\N
424	2025-05-17	119.79	f	tool	9	44	\N	\N	\N	\N	\N	\N	\N	\N	t	\N
423	2025-05-16	70.44	f	Factuurnummer 1335947336	4	22	\N	\N	\N	\N	\N	\N	\N	\N	t	\N
408	2025-05-16	332.75	f	202500274 - 24340	1	1	\N	\N	\N	\N	\N	\N	\N	\N	t	\N
383	2025-05-16	332.75	f	202500274 - 24340	1	1	\N	\N	\N	\N	\N	\N	\N	\N	t	\N
428	2025-05-14	10.49	f	AdBlue AVIA	2	7	\N	\N	\N	\N	\N	\N	\N	\N	t	\N
427	2025-05-14	126.97	f	Avia	2	8	\N	\N	\N	\N	\N	\N	\N	\N	t	\N
406	2025-05-13	10.19	f	1_FAC_ORG_5934341_2025-05-09 20	2	46	\N	\N	\N	\N	\N	\N	\N	\N	t	\N
404	2025-05-01	2400.00	f	May25	3	19	\N	\N	\N	\N	\N	\N	\N	\N	t	\N
396	2025-04-28	38.00	f	Apr25	2	51	\N	\N	\N	\N	\N	\N	\N	\N	t	\N
403	2025-04-10	124.47	f	car rental_ICS	7	36	\N	\N	\N	\N	\N	\N	\N	\N	t	\N
391	2025-04-10	5660.32	f	2964_ INV2025-013	6	33	\N	\N	\N	\N	\N	\N	\N	\N	t	\N
388	2025-04-07	26.40	f	Factuur-29440240	3	18	\N	\N	\N	\N	\N	\N	\N	\N	t	\N
384	2025-04-03	219.79	f	may-Veris	7	34	\N	\N	\N	\N	\N	\N	\N	\N	t	\N
380	2025-03-31	417.54	f	totale benzina Mar25	2	52	\N	\N	\N	\N	\N	\N	\N	\N	t	\N
435	2025-05-22	5.60	f	tol	2	12	\N	\N	\N	\N	\N	\N	\N	\N	t	\N
390	2025-04-02	159.25	f	Nota periode 30Â aprilÂ 2025 tot 30Â meiÂ 2025	2	9	\N	\N	\N	\N	\N	\N	\N	\N	t	\N
392	2025-04-01	2400.00	f	Apr25	3	19	\N	\N	\N	\N	\N	\N	\N	\N	t	\N
375	2025-03-30	129.63	f	Avia	2	8	\N	\N	\N	\N	\N	\N	\N	\N	t	\N
361	2025-03-28	51.42	f	Factuur 11343346440	4	21	\N	\N	\N	\N	\N	\N	\N	\N	t	\N
370	2025-03-27	2.60	f	tol italy	2	12	\N	\N	\N	\N	\N	\N	\N	\N	t	\N
363	2025-03-27	3.77	f	Factuur_SMSParking_6331817	2	11	\N	\N	\N	\N	\N	\N	\N	\N	t	\N
366	2025-03-27	59.00	f	Mar25	2	10	\N	\N	\N	\N	\N	\N	\N	\N	t	\N
367	2025-03-27	89.00	f	Mar25	2	51	\N	\N	\N	\N	\N	\N	\N	\N	t	\N
369	2025-03-22	9.95	f	hornback	3	20	\N	\N	\N	\N	\N	\N	\N	\N	t	\N
368	2025-03-21	37.77	f	Praxis	3	20	\N	\N	\N	\N	\N	\N	\N	\N	t	\N
362	2025-03-20	24.35	f	Factuur 411001198482	7	50	\N	\N	\N	\N	\N	\N	\N	\N	t	\N
365	2025-03-18	27.18	f	Mar25	3	15	\N	\N	\N	\N	\N	\N	\N	\N	t	\N
360	2025-03-17	70.40	f	Factuur 1329108615	4	22	\N	\N	\N	\N	\N	\N	\N	\N	t	\N
359	2025-03-16	1.51	f	43042543005716470	2	12	\N	\N	\N	\N	\N	\N	\N	\N	t	\N
372	2025-03-13	120.21	f	Makro	2	8	\N	\N	\N	\N	\N	\N	\N	\N	t	\N
379	2025-03-10	10.14	f	Rekeningoverzicht-46228610013-2025-03	3	20	\N	\N	\N	\N	\N	\N	\N	\N	t	\N
373	2025-03-10	130.97	f	kreuze	2	8	\N	\N	\N	\N	\N	\N	\N	\N	t	\N
371	2025-03-08	15.99	f	post,geen bonetje	3	16	\N	\N	\N	\N	\N	\N	\N	\N	t	\N
374	2025-03-08	9.50	f	autowassen	2	7	\N	\N	\N	\N	\N	\N	\N	\N	t	\N
357	2025-03-08	12.48	f	bouwmaat	6	33	\N	\N	\N	\N	\N	\N	\N	\N	t	\N
356	2025-03-08	189.92	f	2025-03-08 colla	6	33	\N	\N	\N	\N	\N	\N	\N	\N	t	\N
355	2025-03-06	138.52	f	2025-03-06 silicone	6	33	\N	\N	\N	\N	\N	\N	\N	\N	t	\N
364	2025-03-05	159.25	f	Mar25	2	9	\N	\N	\N	\N	\N	\N	\N	\N	t	\N
378	2025-03-05	337.41	f	GR 1559	6	33	\N	\N	\N	\N	\N	\N	\N	\N	t	\N
354	2025-03-03	411.41	f	2025-03-03 profili	6	33	\N	\N	\N	\N	\N	\N	\N	\N	t	\N
377	2025-03-03	119.22	f	makro- geen bon	2	8	\N	\N	\N	\N	\N	\N	\N	\N	t	\N
524	2025-09-29	5.54	f	Factuur_SMSParking_6574154	2	11	\N	\N	\N	\N	\N	\N	\N	\N	t	\N
527	2025-09-21	35.00	f	InvoiceForm-23--638940915629218538 cc	7	36	\N	\N	\N	\N	\N	\N	\N	\N	t	\N
496	2025-09-18	339.41	f	202500566 - 24340	1	2	\N	\N	\N	\N	\N	\N	\N	\N	t	\N
522	2025-09-16	23.17	f	Sep25	3	15	\N	\N	\N	\N	\N	\N	\N	\N	t	\N
525	2025-09-16	70.44	f	Factuurnummer 1349646371	4	22	\N	\N	\N	\N	\N	\N	\N	\N	t	\N
523	2025-09-12	10.39	f	1_FAC_ORG_6804287_2025-09-09 1465	2	46	\N	\N	\N	\N	\N	\N	\N	\N	t	\N
526	2025-09-07	285.00	f	2025-09-07 Turi	7	35	\N	\N	\N	\N	\N	\N	\N	\N	t	\N
521	2025-09-03	174.15	f	Sep25	2	9	\N	\N	\N	\N	\N	\N	\N	\N	t	\N
520	2025-09-01	2400.00	f	Sep25	3	19	\N	\N	\N	\N	\N	\N	\N	\N	t	\N
513	2025-08-27	50.00	f	252103711_202509030958388092 -DHL	6	29	\N	\N	\N	\N	\N	\N	\N	\N	t	\N
501	2025-08-27	60.00	f	Aug25	2	10	\N	\N	\N	\N	\N	\N	\N	\N	t	\N
507	2025-08-23	61.55	f	bouwmaat x2	3	20	\N	\N	\N	\N	\N	\N	\N	\N	t	\N
514	2025-08-19	116.49	f	Factuur 441001929336	7	50	\N	\N	\N	\N	\N	\N	\N	\N	t	\N
500	2025-08-18	26.87	f	Aug25	3	15	\N	\N	\N	\N	\N	\N	\N	\N	t	\N
511	2025-08-18	70.44	f	Factuurnummer 1346204271	4	22	\N	\N	\N	\N	\N	\N	\N	\N	t	\N
508	2025-08-15	121.78	f	avia	2	8	\N	\N	\N	\N	\N	\N	\N	\N	t	\N
502	2025-08-14	41.50	f	pr momuntum	3	17	\N	\N	\N	\N	\N	\N	\N	\N	t	\N
519	2025-08-13	10.39	f	1_FAC_ORG_6617268_2025-08-11 1231	2	46	\N	\N	\N	\N	\N	\N	\N	\N	t	\N
503	2025-08-13	257.20	f	luminot x2	9	45	\N	\N	\N	\N	\N	\N	\N	\N	t	\N
509	2025-08-12	13.46	f	AdBlue	2	7	\N	\N	\N	\N	\N	\N	\N	\N	t	\N
497	2025-08-11	70.40	f	Factuurnummer 1346204271	4	22	\N	\N	\N	\N	\N	\N	\N	\N	t	\N
510	2025-08-09	128.66	f	Makro	2	8	\N	\N	\N	\N	\N	\N	\N	\N	t	\N
505	2025-08-06	19.24	f	praxis	9	45	\N	\N	\N	\N	\N	\N	\N	\N	t	\N
506	2025-08-04	3.50	f	Zijlstra's Ijzerhandel	3	20	\N	\N	\N	\N	\N	\N	\N	\N	t	\N
504	2025-08-01	506.24	f	hornback x8	9	45	\N	\N	\N	\N	\N	\N	\N	\N	t	\N
518	2025-08-01	174.17	f	Aug25	2	9	\N	\N	\N	\N	\N	\N	\N	\N	t	\N
499	2025-08-01	2400.00	f	Aug25	3	19	\N	\N	\N	\N	\N	\N	\N	\N	t	\N
476	2025-07-30	59.00	f	piccola storia	3	17	\N	\N	\N	\N	\N	\N	\N	\N	t	\N
491	2025-07-29	59.00	f	jul25	2	10	\N	\N	\N	\N	\N	\N	\N	\N	t	\N
480	2025-07-29	96.16	f	Jongeneel	9	44	\N	\N	\N	\N	\N	\N	\N	\N	t	\N
482	2025-07-29	51.70	f	De Vijl	9	44	\N	\N	\N	\N	\N	\N	\N	\N	t	\N
494	2025-07-29	8.82	f	Factuur_SMSParking_6494692	2	11	\N	\N	\N	\N	\N	\N	\N	\N	t	\N
495	2025-07-26	3623.76	f	Presupuesto-1-000087 & Presupuesto-1-000088	6	33	\N	\N	\N	\N	\N	\N	\N	\N	t	\N
477	2025-07-26	48.00	f	WF	3	17	\N	\N	\N	\N	\N	\N	\N	\N	t	\N
489	2025-07-23	63049.00	f	belasting 2024	8	38	\N	\N	\N	\N	\N	\N	\N	\N	t	\N
487	2025-07-22	317.99	f	252103510_202508051223351277	6	33	\N	\N	\N	\N	\N	\N	\N	\N	t	\N
481	2025-07-22	135.62	f	hornback 2x	9	44	\N	\N	\N	\N	\N	\N	\N	\N	t	\N
478	2025-07-21	12.20	f	ESSO	3	17	\N	\N	\N	\N	\N	\N	\N	\N	t	\N
498	2025-07-18	111.07	f	cc	3	20	\N	\N	\N	\N	\N	\N	\N	\N	t	\N
492	2025-07-17	32.78	f	NS	7	50	\N	\N	\N	\N	\N	\N	\N	\N	t	\N
516	2025-08-07	45.50	f	File 07-08-2025, 21 05 58	3	17	\N	\N	\N	\N	\N	\N	\N	\N	t	\N
483	2025-07-18	174.80	f	de vijl	9	44	\N	\N	\N	\N	\N	\N	\N	\N	t	\N
488	2025-07-16	22.18	f	jul25	3	15	\N	\N	\N	\N	\N	\N	\N	\N	t	\N
479	2025-07-16	143.38	f	Autoradam	2	8	\N	\N	\N	\N	\N	\N	\N	\N	t	\N
486	2025-07-11	10.39	f	1_FAC_ORG_6335149_2025-07-09 853	2	46	\N	\N	\N	\N	\N	\N	\N	\N	t	\N
471	2025-07-10	61.42	f	benzine	7	47	\N	\N	\N	\N	\N	\N	\N	\N	t	\N
472	2025-07-08	9.20	f	breakfast 2 days	7	49	\N	\N	\N	\N	\N	\N	\N	\N	t	\N
473	2025-07-08	147.00	f	ajo	7	49	\N	\N	\N	\N	\N	\N	\N	\N	t	\N
469	2025-07-07	12.02	f	parking 3days	7	30	\N	\N	\N	\N	\N	\N	\N	\N	t	\N
474	2025-07-07	33.00	f	la scaramuccia	7	49	\N	\N	\N	\N	\N	\N	\N	\N	t	\N
470	2025-07-07	8.60	f	tol 3 days	7	48	\N	\N	\N	\N	\N	\N	\N	\N	t	\N
475	2025-07-06	55.00	f	il mulino	7	49	\N	\N	\N	\N	\N	\N	\N	\N	t	\N
485	2025-07-02	174.15	f	jul25	2	9	\N	\N	\N	\N	\N	\N	\N	\N	t	\N
484	2025-07-01	2400.00	f	jul25	3	19	\N	\N	\N	\N	\N	\N	\N	\N	t	\N
447	2025-06-30	2.35	f	Factuur_SMSParking_6454322	2	11	\N	\N	\N	\N	\N	\N	\N	\N	t	\N
448	2025-06-29	110.00	f	File 29-06-2025, 09 59 06	3	17	\N	\N	\N	\N	\N	\N	\N	\N	t	\N
459	2025-06-28	14.99	f	topslijter	3	17	\N	\N	\N	\N	\N	\N	\N	\N	t	\N
468	2025-06-28	19.75	f	kantoor 2x	3	18	\N	\N	\N	\N	\N	\N	\N	\N	t	\N
452	2025-06-28	59.00	f	Jun25	2	10	\N	\N	\N	\N	\N	\N	\N	\N	t	\N
445	2025-06-27	51.43	f	Factuur 11354889916	4	21	\N	\N	\N	\N	\N	\N	\N	\N	t	\N
444	2025-06-26	239.08	f	GARAGEBOX_TAX	9	43	\N	\N	\N	\N	\N	\N	\N	\N	t	\N
467	2025-06-23	2.10	f	coffee	3	17	\N	\N	\N	\N	\N	\N	\N	\N	t	\N
465	2025-06-23	2.50	f	h20	3	17	\N	\N	\N	\N	\N	\N	\N	\N	t	\N
464	2025-06-21	38.00	f	4plus	3	17	\N	\N	\N	\N	\N	\N	\N	\N	t	\N
463	2025-06-21	14.00	f	4plus	3	17	\N	\N	\N	\N	\N	\N	\N	\N	t	\N
462	2025-06-20	109.00	f	4plus	3	17	\N	\N	\N	\N	\N	\N	\N	\N	t	\N
451	2025-06-18	29.31	f	Jun25	3	15	\N	\N	\N	\N	\N	\N	\N	\N	t	\N
455	2025-06-16	118.04	f	Makro	2	8	\N	\N	\N	\N	\N	\N	\N	\N	t	\N
443	2025-06-16	10.39	f	1_FAC_ORG_6128503_2025-06-10 956	2	46	\N	\N	\N	\N	\N	\N	\N	\N	t	\N
460	2025-06-13	22.50	f	castelli	3	17	\N	\N	\N	\N	\N	\N	\N	\N	t	\N
461	2025-06-12	7.00	f	castelli	3	17	\N	\N	\N	\N	\N	\N	\N	\N	t	\N
466	2025-06-11	8.65	f	Shell	3	17	\N	\N	\N	\N	\N	\N	\N	\N	t	\N
456	2025-06-11	112.34	f	TinQ	2	8	\N	\N	\N	\N	\N	\N	\N	\N	t	\N
457	2025-06-05	122.91	f	TinQ	2	8	\N	\N	\N	\N	\N	\N	\N	\N	t	\N
458	2025-06-04	33.49	f	topslijter	3	17	\N	\N	\N	\N	\N	\N	\N	\N	t	\N
450	2025-06-03	159.25	f	Jun25	2	9	\N	\N	\N	\N	\N	\N	\N	\N	t	\N
449	2025-06-01	2400.00	f	Jun25	3	19	\N	\N	\N	\N	\N	\N	\N	\N	t	\N
454	2025-06-22	125.15	f	TinQ	2	8	\N	\N	\N	\N	\N	\N	\N	\N	t	\N
441	2025-05-28	29.42	f	benzina italy	7	47	\N	\N	\N	\N	\N	\N	\N	\N	t	\N
549	2025-12-26	2.35	f	Factuur_SMSParking_6693370	2	11	\N	\N	\N	\N	\N	\N	\N	\N	t	\N
558	2025-12-23	15.00	f	2025-12-23 KantBenod	3	18	\N	\N	\N	\N	\N	\N	\N	\N	t	\N
533	2025-09-23	20.00	f	PR IT	7	49	\N	\N	\N	\N	\N	\N	\N	\N	t	\N
540	2025-09-21	10.89	f	ENI	7	47	\N	\N	\N	\N	\N	\N	\N	\N	t	\N
535	2025-09-21	36.27	f	PR italy x2 19/09 & 21/09	7	49	\N	\N	\N	\N	\N	\N	\N	\N	t	\N
532	2025-09-21	10.00	f	PR IT	7	49	\N	\N	\N	\N	\N	\N	\N	\N	t	\N
557	2025-12-22	27.95	f	2025-12-22 PR	3	17	\N	\N	\N	\N	\N	\N	\N	\N	t	\N
534	2025-09-20	25.07	f	PR - italy	7	49	\N	\N	\N	\N	\N	\N	\N	\N	t	\N
537	2025-09-19	43.35	f	Taxi x2	7	30	\N	\N	\N	\N	\N	\N	\N	\N	t	\N
544	2025-09-19	11.30	f	Factuur 422002066729	7	50	\N	\N	\N	\N	\N	\N	\N	\N	t	\N
536	2025-09-19	10.57	f	Schiphol	7	49	\N	\N	\N	\N	\N	\N	\N	\N	t	\N
538	2025-09-11	9.60	f	primera-Wijhe	3	16	\N	\N	\N	\N	\N	\N	\N	\N	t	\N
542	2025-09-10	34.94	f	Gamma	9	44	\N	\N	\N	\N	\N	\N	\N	\N	t	\N
556	2025-12-20	2.00	f	2025-12-20 KantBenod	3	18	\N	\N	\N	\N	\N	\N	\N	\N	t	\N
539	2025-09-09	135.94	f	Avia	2	8	\N	\N	\N	\N	\N	\N	\N	\N	t	\N
553	2025-12-18	121.53	f	2025-12-18 PR	3	17	\N	\N	\N	\N	\N	\N	\N	\N	t	\N
528	2025-09-05	21.98	f	Wijnboer-PR Jeffry	3	17	\N	\N	\N	\N	\N	\N	\N	\N	t	\N
541	2025-09-03	228.36	f	luminot x2	9	44	\N	\N	\N	\N	\N	\N	\N	\N	t	\N
543	2025-09-01	23.97	f	Hornbach x3	9	45	\N	\N	\N	\N	\N	\N	\N	\N	t	\N
571	2024-04-01	0.00	t	2q BTW 2024	8	41	\N	\N	\N	\N	\N	\N	\N	\N	t	\N
24	2024-01-01	20.00	f	Factuur_SMSParking_5686138	2	11	\N	\N	\N	\N	\N	\N	\N	\N	t	\N
421	2025-05-24	917.00	f	1Q BTW 2025	8	42	\N	\N	\N	\N	\N	\N	\N	\N	t	\N
515	2025-08-27	12.07	f	Factuur_SMSParking_6534451	2	11	\N	\N	\N	\N	\N	\N	\N	\N	t	\N
555	2025-12-18	6.99	f	2025-12-18 PR3	3	17	\N	\N	\N	\N	\N	\N	\N	\N	t	\N
554	2025-12-18	4.99	f	2025-12-18 PR2	3	17	\N	\N	\N	\N	\N	\N	\N	\N	t	\N
512	2025-08-01	53.12	f	Factuurnummer 11362666179	4	21	\N	\N	\N	\N	\N	\N	\N	\N	t	\N
490	2025-07-30	1281.00	f	2Q BTW 2025	8	41	\N	\N	\N	\N	\N	\N	\N	\N	t	\N
561	2025-12-18	21.93	f	Factuur 443002842678	7	50	\N	\N	\N	\N	\N	\N	\N	\N	t	\N
552	2025-12-17	119.03	f	2025-12-17 Diesel	2	8	\N	\N	\N	\N	\N	\N	\N	\N	t	\N
551	2025-12-17	12.22	f	2025-12-17 AdBlue	2	7	\N	\N	\N	\N	\N	\N	\N	\N	t	\N
547	2025-12-13	10.39	f	1_FAC_ORG_516970_2025-12-09 114	2	46	\N	\N	\N	\N	\N	\N	\N	\N	t	\N
550	2025-12-13	211.47	f	2025-12-13 PR	3	17	\N	\N	\N	\N	\N	\N	\N	\N	t	\N
562	2025-12-09	69.15	f	Factuurnummer 1360080602	4	22	\N	\N	\N	\N	\N	\N	\N	\N	t	\N
567	2025-12-03	174.15	f	Dec25	2	9	\N	\N	\N	\N	\N	\N	\N	\N	t	\N
493	2025-07-21	169.40	f	factuur ECO Ceramica F2025 250	9	44	\N	\N	\N	\N	\N	\N	\N	\N	t	\N
453	2025-06-30	136.19	f	Avia	2	8	\N	\N	\N	\N	\N	\N	\N	\N	t	\N
446	2025-06-18	41.54	f	Factuur 451001673005	7	50	\N	\N	\N	\N	\N	\N	\N	\N	t	\N
442	2025-05-30	123.87	f	Makro	2	8	\N	\N	\N	\N	\N	\N	\N	\N	t	\N
575	2026-01-13	1026.00	f	Q4 BTW 2025	8	39	\N	\N	\N	Q4	\N	\N	\N	\N	t	2025
560	2025-12-31	52.21	f	Factuur 11377309298	4	21	\N	\N	\N	\N	\N	\N	\N	\N	t	\N
548	2025-12-31	59.00	f	Dec25	2	10	\N	\N	\N	\N	\N	\N	\N	\N	t	\N
546	2025-12-31	12.00	f	test	1	6	\N	\N	\N	\N	\N	\N	\N	\N	t	\N
566	2025-12-01	2400.00	f	SalarisDec25	3	19	\N	\N	\N	\N	\N	\N	\N	\N	t	\N
568	2025-10-31	414.00	t	3q BTW 2025	8	40	\N	\N	\N	\N	\N	\N	\N	\N	t	\N
529	2025-09-27	31.08	f	Venchi-1	3	17	\N	\N	\N	\N	\N	\N	\N	\N	t	\N
530	2025-09-27	117.57	f	Venchi - 2	3	17	\N	\N	\N	\N	\N	\N	\N	\N	t	\N
531	2025-09-24	195.00	f	San Pellewgrino	7	49	\N	\N	\N	\N	\N	\N	\N	\N	t	\N
407	2025-05-25	289.58	f	3603	6	33	\N	\N	\N	\N	\N	\N	\N	\N	t	\N
433	2025-05-01	60.00	f	spain	3	17	\N	\N	\N	\N	\N	\N	\N	\N	t	\N
394	2025-04-17	25.57	f	Apr25	3	15	\N	\N	\N	\N	\N	\N	\N	\N	t	\N
409	2025-05-18	35.99	f	1345428	2	13	\N	\N	\N	\N	\N	\N	\N	\N	t	\N
382	2025-04-10	1122.26	f	202500217 - 24340	1	4	\N	\N	\N	\N	\N	\N	\N	\N	t	\N
376	2025-03-20	134.38	f	agrisneltank	2	8	\N	\N	\N	\N	\N	\N	\N	\N	t	\N
358	2025-03-05	1.51	f	9304254005530329	2	12	\N	\N	\N	\N	\N	\N	\N	\N	t	\N
347	2025-02-19	131.77	f	Avia	2	8	\N	\N	\N	\N	\N	\N	\N	\N	t	\N
343	2025-02-13	39.50	f	tegelzetters	3	17	\N	\N	\N	\N	\N	\N	\N	\N	t	\N
316	2025-01-28	22.56	f	Factuur_SMSParking_6249006	2	11	\N	\N	\N	\N	\N	\N	\N	\N	t	\N
572	2025-01-01	730.00	t	4Q BTW 2024	8	39	\N	\N	\N	\N	\N	\N	\N	\N	t	\N
300	2024-12-20	0.00	f	inkomstenbelasting premie volksverzekeringen 2023	8	38	\N	\N	\N	\N	\N	\N	\N	\N	t	\N
301	2024-12-20	13.43	f	M004 factuur 2024-183	9	43	\N	\N	\N	\N	\N	\N	\N	\N	t	\N
296	2024-12-05	159.25	f	Dec24	2	9	\N	\N	\N	\N	\N	\N	\N	\N	t	\N
270	2024-11-18	70.44	f	Factuur 1315423007	4	22	\N	\N	\N	\N	\N	\N	\N	\N	t	\N
268	2024-11-04	80.00	f	banden	2	13	\N	\N	\N	\N	\N	\N	\N	\N	t	\N
260	2024-10-31	10.01	f	shell	2	52	\N	\N	\N	\N	\N	\N	\N	\N	t	\N
245	2024-10-16	70.44	f	Factuur 1311969874	4	22	\N	\N	\N	\N	\N	\N	\N	\N	t	\N
225	2024-09-30	57.00	f	0il 2 liters	2	13	\N	\N	\N	\N	\N	\N	\N	\N	t	\N
232	2024-09-22	36.00	f	auto preCersaie24 insurance cc	7	36	\N	\N	\N	\N	\N	\N	\N	\N	t	\N
213	2024-09-05	159.25	f	Set24	2	9	\N	\N	\N	\N	\N	\N	\N	\N	t	\N
200	2024-08-19	86.46	f	Factuur 431000288964	7	30	\N	\N	\N	\N	\N	\N	\N	\N	t	\N
190	2024-07-17	24.19	f	Factuur NS-Business Card - juni 2024	7	30	\N	\N	\N	\N	\N	\N	\N	\N	t	\N
173	2024-07-11	62.81	f	\N	7	47	\N	\N	\N	\N	\N	\N	\N	\N	t	\N
150	2024-06-28	36.30	f	Factuur 11310560955	4	21	\N	\N	\N	\N	\N	\N	\N	\N	t	\N
157	2024-06-20	71.00	f	kenteken	2	7	\N	\N	\N	\N	\N	\N	\N	\N	t	\N
149	2024-06-17	109.53	f	Factuurnummer 1298514567	4	22	\N	\N	\N	\N	\N	\N	\N	\N	t	\N
140	2024-05-31	52.50	f	PR Wijen Roy	3	17	\N	\N	\N	\N	\N	\N	\N	\N	t	\N
570	2024-04-01	0.00	t	2q BTW 2024	8	41	\N	\N	\N	\N	\N	\N	\N	\N	t	\N
131	2024-05-22	138.53	f	Makro GEEN bon	2	8	\N	\N	\N	\N	\N	\N	\N	\N	t	\N
121	2024-05-14	62.16	f	41 001 58 136 04	7	30	\N	\N	\N	\N	\N	\N	\N	\N	t	\N
115	2024-05-02	151.93	f	gifts for clients (paid cash no btw)	3	17	\N	\N	\N	\N	\N	\N	\N	\N	t	\N
103	2024-04-13	65.80	f	Zijlstra's Ijzerhandel	3	18	\N	\N	\N	\N	\N	\N	\N	\N	t	\N
569	2024-04-01	722.00	t	2q BTW 2024	8	41	\N	\N	\N	\N	\N	\N	\N	\N	t	\N
77	2024-03-29	63.09	f	Factuur 11299977777	4	21	\N	\N	\N	\N	\N	\N	\N	\N	t	\N
58	2024-03-15	37.23	f	Factuurnummer 1288231647	4	22	\N	\N	\N	\N	\N	\N	\N	\N	t	\N
60	2024-03-02	139.92	f	ikea	3	18	\N	\N	\N	\N	\N	\N	\N	\N	t	\N
42	2024-02-27	27.60	f	Factuur_SMSParking_5772491	2	11	\N	\N	\N	\N	\N	\N	\N	\N	t	\N
27	2024-01-29	53.00	f	Jan24	2	10	\N	\N	\N	\N	\N	\N	\N	\N	t	\N
12	2024-01-20	23.06	f	HEMA Bouwcenter EXPO	3	20	\N	\N	\N	\N	\N	\N	\N	\N	t	\N
36	2024-02-14	42.35	f	REPRO'S - Prints I LECCI	3	18	\N	\N	\N	\N	\N	\N	\N	\N	t	\N
9	2024-01-15	3.09	f	Praxis Bouwcenter EXPO	3	20	\N	\N	\N	\N	\N	\N	\N	\N	t	\N
592	2026-03-14	1292.58	f	\N	1	5	Annual report and tax services	202600197 - 24340.pdf	202600197	Q1	Heij en Van Manen B.V.	224.33	1068.25	21.00	f	2026
593	2026-02-02	434.69	f	\N	1	6	Bookkeeping and tax declaration services	20260095 - 24340.pdf	20260095	Q1	Heij en Van Manen B.V.	75.44	359.25	21.00	f	2026
594	2026-03-27	61.00	f	\N	2	10	Road tax payment VJL86F	RoadTax-032026.pdf		Q1	BELASTINGDIENST	\N	\N	\N	f	2026
595	2026-03-26	181.59	f	\N	2	8	Diesel fuel purchase	2026-03-26 08-30 Diesel. TINq.pdf		Q1	TINq	\N	\N	\N	f	2026
596	2026-03-26	2.35	f	\N	2	11	Parking subscription fee	Factuur_SMSParking_6809681.pdf	6809681	Q1	Stichting Parkeergelden SMSParking	0.41	1.94	21.00	f	2026
597	2026-03-19	163.94	f	\N	2	8	Diesel fuel purchase	2026-03-19 Diesel.pdf	1024520332	Q1	AVIA XPress Aalsmeer	28.45	135.49	21.00	f	2026
598	2026-03-16	181.09	f	\N	2	8	Diesel fuel purchase	2026-03-16 Diesel.pdf	1021520298	Q1	AVIA XPress Aalsmeer	31.43	149.66	21.00	f	2026
599	2026-03-15	1.92	f	\N	2	12	Tol for VJL86F	33069574-001.pdf	33069574-001	Q1	Flitsmeister BV	\N	\N	\N	f	2026
600	2026-03-14	22.99	f	\N	2	7	AdBlue for car	2026-03-14 AdBlue.pdf		Q1	SHELL STAT. HAARRIJN	3.99	19.00	21.00	f	2026
601	2026-03-11	172.49	f	\N	2	8	Diesel fuel purchase Makro	2026-03-11 Diesel.pdf	311572126	Q1	MAKRO/METRO ADAM	29.94	142.55	21.00	f	2026
602	2026-03-09	10.39	f	\N	2	46	Wegenwacht Nederland Standaard	1_FAC_ORG_1003060_2026-03-09 1102.pdf	7077490352	Q1	ANWB B.V.	0.19	\N	21.00	f	2026
603	2026-03-07	18.50	f	\N	2	7	Pasfoto for driving license	2026-03-07 RDW.pdf	407287719	Q1	Schweitzer	\N	18.50	9.00	f	2026
604	2026-03-07	53.65	f	\N	2	7	Driving license application fee	RDW.pdf		Q1	RDW	\N	\N	\N	f	2026
605	2026-03-07	199.93	f	\N	2	11	Payment for parking permit	Parkeervergunning.pdf		Q1		\N	\N	\N	f	2026
606	2026-03-04	156.85	f	\N	2	8	Diesel fuel purchase	2026-03-04 Diesel.pdf	4467510204	Q1	TinQ Veenendaal	27.22	129.63	21.00	f	2026
607	2026-03-02	23.98	f	\N	2	13	Van cleaning VJL-86-F	Truck Cleaning Westerspoor B.V. Factuur 1260475.pdf	1260475	Q1	TRUCKCLEANING - WESTERSPOOR.NL	4.16	19.82	21.00	f	2026
608	2026-03-01	60.00	f	\N	2	10	Road tax payment VJL-86-F	Road tax.pdf		Q1	BELASTINGDIENST	\N	\N	\N	f	2026
609	2026-03-01	174.15	f	\N	2	9	Car insurance for VJL-86-F	Nota periode 28Â februariÂ 2026 tot 30Â maartÂ 2026.pdf	350122448	Q1	Centraal Beheer	\N	143.93	\N	f	2026
610	2026-02-26	3.74	f	\N	2	53	Parking fees and subscription	Factuur_SMSParking_6771105.pdf	6771105	Q1	Stichting Parkeergelden SMSParking	0.44	2.07	21.00	f	2026
611	2026-02-24	142.21	f	\N	2	8	Car fuel diesel purchase	2026-02-26 Diesel.pdf	1064551391	Q1	MAKRO BEST	24.68	117.53	21.00	f	2026
612	2026-02-19	290.46	f	\N	2	13	Car oil filter APK service	MoBro 10060.pdf	10060	Q1	MoBro Reparatie Service	50.41	240.05	21.00	f	2026
613	2026-02-12	143.01	f	\N	2	8	Diesel fuel purchase	2026-02-12 Diesel.pdf	284591851	Q1	MAKRO/METRO ADAM	24.82	118.19	21.00	f	2026
614	2026-02-09	10.39	f	\N	2	46	ANWB roadside assistance membership	1_FAC_ORG_865955_2026-02-09 127.pdf	7076634837	Q1	ANWB	\N	\N	\N	f	2026
615	2026-02-02	138.05	f	\N	2	8	Diesel fuel purchase	2026-02-02 Diesel.pdf	274570440	Q1	MAKRO/METRO ADAM	23.96	114.09	21.00	f	2026
616	2026-01-30	174.15	f	\N	2	9	Car insurance FIAT DUCATO VJL-86-F	Nota periode 30Â januariÂ 2026 tot 28Â februariÂ 2026.pdf		Q1	Centraal Beheer	\N	\N	\N	f	2026
617	2026-01-30	174.15	f	\N	2	9	Car insurance for FIAT DUCATO VJL-86-F	Nota periode 30Â januariÂ 2026 tot 28Â februariÂ 2026.pdf	350122448	Q1	Centraal Beheer	30.22	143.93	\N	f	2026
618	2026-01-29	40.07	f	\N	2	8	Diesel fuel for car	2026-01-29 Diesel.pdf	6663510213	Q1	Tango Groningen	6.95	33.12	21.00	f	2026
619	2026-01-29	59.00	f	\N	2	10	Road tax payment VJL-86-F	NL54ABNA0839278411-20260129110946520.pdf		Q1	BELASTINGDIENST	\N	\N	\N	f	2026
620	2026-01-26	137.99	f	\N	2	8	Diesel fuel for car	2026-01-26 Diesel.pdf	972510140	Q1	AVIA XPress Aalsmeer	23.95	114.04	21.00	f	2026
621	2026-01-26	10.12	f	\N	2	11	Parking fees and subscription	Factuur_SMSParking_6732235.pdf	6732235	Q1	Stichting Parkeergelden SMSParking	0.49	9.63	21.00	f	2026
622	2026-01-19	143.42	f	\N	2	8	Diesel fuel for car	2026-01-19 Diesel.pdf	965510313	Q1	AVIA XPress Aalsmeer	24.89	118.53	21.00	f	2026
623	2026-01-09	10.39	f	\N	2	46	ANWB roadside assistance subscription	1_FAC_ORG_701456_2026-01-09 510.pdf	7075815713	Q1	ANWB	0.19	\N	\N	f	2026
624	2026-01-02	129.71	f	\N	2	8	Diesel fuel for car	2026-01-02 Diesel.pdf	948510191	Q1	AVIA XPress Aalsmeer	22.51	107.20	21.00	f	2026
625	2025-12-30	174.15	f	\N	2	9	Car insurance FIAT DUCATO VJL-86-F	Nota periode 30Â decemberÂ 2025 tot 30Â januariÂ 2026.pdf		Q1	Centraal Beheer	\N	\N	\N	f	2026
626	2025-02-28	150.20	f	\N	2	8	Diesel fuel purchase	2026-02-28 Diesel.pdf	4463510075	Q1	TinQ Veenendaal	26.07	124.13	21.00	f	2026
627	2026-04-14	12.84	f	\N	2	8	AdBlue for car	2026-04-14 AdBlue.pdf	8690	Q2	OK Keizershof	2.23	10.61	21.00	f	2026
628	2026-04-10	6.20	f	\N	2	12	Tunnel toll ticket	2026-04-10 Tol.pdf	698	Q2	LIEFKENSHOEK TUNNEL	1.08	5.12	21.00	f	2026
629	2026-04-08	197.13	f	\N	2	8	Diesel fuel purchase	2026-04-08 Diesel.pdf	339591353	Q2	MAKRO/METRO ADAM	34.21	162.92	21.00	f	2026
630	2026-04-09	10.39	f	\N	2	46	ANWB roadside assistance fee	1_FAC_ORG_1150048_2026-04-09 563.pdf	7078365327	Q2	ANWB	\N	\N	\N	f	2026
631	2026-04-21	186.27	f	\N	2	8	Diesel fuel purchase	2026-04-21 DIESEL.pdf	4782660224	Q2	JOONTJES TANKSERVICE	32.33	153.94	21.00	f	2026
632	2026-04-15	3.84	f	\N	2	12	Toll charges for VJL86F	33069574-002.pdf	33069574-002	Q2	Flitsmeister BV	\N	\N	\N	f	2026
633	2026-04-26	33.50	f	\N	2	53	SMSParking subscription and parking	Factuur_SMSParking_6848033.pdf	6848033	Q2	Stichting Parkeergelden SMSParking	0.46	\N	21.00	f	2026
634	2026-04-20	43.64	f	\N	2	9	Car insurance travel Italy	cc-verzkAutoItalie.pdf		Q2	ICS	\N	\N	\N	f	2026
635	2026-03-26	2.35	f	\N	2	53	SMSParking subscription fee	Factuur_SMSParking_6809681.pdf	6809681	Q2	Stichting Parkeergelden SMSParking	0.41	1.94	21.00	f	2026
636	2026-04-28	61.00	f	\N	2	10	Road tax payment VJL-86-F	RoadTAX.pdf		Q2	BELASTINGDIENST	\N	\N	\N	f	2026
637	2026-04-30	174.15	f	\N	2	9	Car insurance VJL-86-F Centraal Beheer	Nota periode 30 april 2026 tot 30 mei 2026.pdf	350122448	Q2	Centraal Beheer	30.22	\N	\N	f	2026
638	2026-03-30	174.15	f	\N	2	9	Car insurance VJL-86-F Centraal Beheer	Nota periode 30Â maartÂ 2026 tot 30Â aprilÂ 2026.pdf	350122448	Q2	Centraal Beheer	30.22	\N	\N	f	2026
639	2026-03-29	150.83	f	\N	3	20	Payment to credit card company	Cc.pdf	46228610013	Q1	ICS	\N	\N	\N	f	2026
640	2026-03-27	36.99	f	\N	3	17	Whiskey for PR	2026-03-27 PR JH.pdf	1-98	Q1	TopSlijter Westerpark	6.42	30.57	21.00	f	2026
641	2026-03-25	29.30	f	\N	3	17	Food and drinks	2026-03-19 JH-PR.pdf		Q1	Broodbode Almelo	2.42	26.88	9.00	f	2026
642	2026-03-19	5.50	f	\N	3	17	Cheese purchase	2026-03-19 PR.pdf		Q1	Fill and Go Terworm	0.45	5.05	9.00	f	2026
643	2026-03-19	107.00	f	\N	3	17	Restaurant meal and drinks	2026-03-19 DataBeheerPR.pdf		Q1	UNO MAS ARGENTIJNS RESTAURANT	\N	\N	\N	f	2026
644	2026-03-13	46.48	f	\N	3	17	Food and beverage costs	2026-03-13 PR 2.pdf		Q1	TopSlijter Westerpark	\N	\N	\N	f	2026
645	2026-03-13	22.90	f	\N	3	17	Food and beverage costs	2026-03-13 PR.pdf	23	Q1	4PLUS t beste maatje®	1.89	21.01	\N	f	2026
646	2026-03-11	1673.30	f	\N	3	20	Legal professional fee	CCE_000708(1).pdf	FE 95/2026	Q1	Studio Legale Associato Preite	\N	1673.30	\N	f	2026
647	2026-03-10	6.00	f	\N	3	17	Food and beverage purchase	2026-03-10 PR.pdf		Q1	SHELL STAT. BLOEMHEUVEL	0.49	5.51	9.00	f	2026
648	2026-03-04	5.50	f	\N	3	17	Broodje Ham Kaas	2026-03-04 PR.pdf		Q1	SHELL STAT. DE SCHAARS	0.45	5.05	9.00	f	2026
649	2026-03-01	2400.00	f	\N	3	19	Monthly salary payment	Salaris032026		Q1	C BONETTI	\N	\N	\N	f	2026
650	2026-03-01	176.60	f	\N	3	20	Payment to ICS credit card	2026-03-01 ICS	46228610013	Q1	ICS	\N	\N	\N	f	2026
651	2026-02-27	24.00	f	\N	3	17	Food and beverage Amsterdam	2026-02-26 PR.pdf	R936694.43814	Q1	Proeflokaal Wynand Fockink	3.58	20.42	\N	f	2026
652	2026-02-23	5.05	f	\N	3	16	Post and office supplies	2026-02-23 PostKantor.pdf	2233736	Q1	Primera Pasteuning	0.12	4.93	\N	f	2026
653	2026-02-12	9.79	f	\N	3	20	Purchase of greeting cards	2026-02-12 PR.pdf	2227887	Q1	Primera	1.70	8.09	21.00	f	2026
654	2026-02-11	94.73	f	\N	3	17	Food and beverage purchase	2026-02-11 PR.pdf	F1K5-26.006592	Q1	Novitalia BV	\N	\N	\N	f	2026
655	2026-02-03	38.95	f	\N	3	18	Office supplies and tools	2026-02-03 kantoorbenodig.pdf	156185	Q1	HORNBACH	6.76	32.19	21.00	f	2026
656	2026-02-01	2400.00	f	\N	3	19	Monthly salary payment	NL54ABNA0839278411-20260201023127820.pdf		Q1	C BONETTI	\N	\N	\N	f	2026
657	2026-01-30	9.87	f	\N	3	18	Edding pens office supplies	2026-01-30 kantoorBenod..pdf	2220845	Q1	Primera	1.71	8.16	21.00	f	2026
658	2026-01-28	5.50	f	\N	3	17	Broodje at BP De Panjerd	2026-01-28 PR.pdf	7946	Q1	BP De Panjerd	0.45	5.05	9.00	f	2026
659	2026-01-26	6.70	f	\N	3	17	Thee and Coca Cola	2026-01-26 PR.pdf	84710	Q1	Piet de Gruyter	0.55	\N	9.00	f	2026
660	2026-01-18	59.70	f	\N	3	20	Firstfloor Varmlime Laminate/Parquet	2026-01-18 EXPO.pdf	854	Q1	Gamma	10.36	49.34	21.00	f	2026
661	2026-01-16	134.10	f	\N	3	61	SIRUI K-30X ball head purchase	nivo-Schweitzer Pro Photo, Video & Studio Factuur 2120042463.pdf	2120042463	Q1	Nivo-Schweitzer	23.27	110.83	21.00	f	2026
662	2026-01-15	6.50	f	\N	3	17	Tea at Fletcher Hotels	2026-01-15 PR.pdf		Q1	Fletcher Hotels	0.54	5.96	9.00	f	2026
663	2026-05-01	8.75	f	\N	3	16	PostNL package standard NL	2026-05-01 Post.pdf	2269941	Q2	Primera Pasteuning	\N	8.75	\N	f	2026
664	2026-04-14	11.99	f	\N	3	17	Wine purchase	2026-04-14 PR.pdf	1-95	Q2	TopSlijter Westerpark	2.08	9.91	21.00	f	2026
665	2026-04-14	23.90	f	\N	3	16	PostNL parcel and letterbox	2026-04-14 Post.pdf	2260729	Q2	Primera Pasteuning	0.12	23.78	21.00	f	2026
666	2026-04-13	9.08	f	\N	3	18	Shipping box and bubble wrap	2026-04-13 KantoorBendg.pdf	2259771	Q2	Primera Pasteuning	1.58	7.50	21.00	f	2026
667	2026-04-01	17.99	f	\N	3	17	Flowers for client	2026-04-01 PR JH.pdf		Q2	JUMBO supermarkten	1.49	16.50	9.00	f	2026
668	2026-04-25	14.99	f	\N	3	17	Wine purchase	2026-04-25 PR_Broker_BE (1).pdf	1-70	Q2	TopSlijter Westerpark	2.60	12.39	21.00	f	2026
669	2026-04-01	2400.00	f	\N	3	19	Salary payment to C Bonetti	Salaris_Apr26.pdf		Q2	C BONETTI	\N	\N	\N	f	2026
670	2026-05-01	2400.00	f	\N	3	19	Salary payment	Salaris_may26.pdf		Q2	C BONETTI	\N	\N	\N	f	2026
671	2026-05-01	937.75	f	\N	3	20	Advance payment for services	Factuur 20260945.pdf	20260945	Q2		162.75	775.00	21.00	f	2026
672	2026-03-25	52.63	f	\N	4	24	Abonnement TV, Internet & Bellen	Factuur 11388267073.pdf	11388267073	Q1	KPN B.V.	9.13	43.50	21.00	f	2026
673	2026-03-13	74.00	f	\N	4	57	Gas and Electra services	Termijnnota.pdf	40065167259	Q1	Vattenfall	12.85	61.15	21.00	f	2026
674	2026-03-09	70.42	f	\N	4	22	KPN mobile subscription fee	Factuurnummer 1370578924.pdf	1370578924	Q1	KPN	12.22	58.20	21.00	f	2026
675	2026-03-02	13.60	f	\N	4	23	Google Workspace subscription	5503965551.pdf	5503965551	Q1	Google Cloud EMEA Limited	\N	13.60	\N	f	2026
676	2026-02-25	52.63	f	\N	4	24	TV, Internet & Bellen subscription	Factuur 11384597348.pdf	11384597348	Q1	KPN B.V.	9.13	43.50	21.00	f	2026
677	2026-02-13	74.00	f	\N	4	57	Term invoice for gas and electricity	Termijnnota.pdf	40064765743	Q1	Vattenfall Sales Nederland N.V.	12.85	61.15	21.00	f	2026
678	2026-02-09	70.42	f	\N	4	22	KPN Mobile subscription fee	Factuurnummer 1367082287.pdf	1367082287	Q1	KPN B.V.	12.22	58.20	21.00	f	2026
679	2026-02-02	2.99	f	\N	4	21	iCloud+ 200 GB monthly subscription	Apple Cloud.pdf	1-12915599601	Q1	Apple	0.52	2.47	21.00	f	2026
680	2026-01-31	13.60	f	\N	4	23	Google Workspace Business Standard subscription	5472802560.pdf	5472802560	Q1	Google Cloud EMEA Limited	\N	13.60	\N	f	2026
681	2026-01-30	2.99	f	\N	4	21	iCloud+ 200 GB monthly subscription	Je factuur van Apple.pdf	1-12889855170	Q1	Apple	0.52	2.47	21.00	f	2026
682	2026-01-26	164.46	f	\N	4	56	Dropbox Essentials subscription fee	Dropbox2026.pdf	2XCQKM5FF7BY	Q1	Dropbox International Unlimited Company	\N	164.46	\N	f	2026
683	2026-01-25	52.63	f	\N	4	24	Home internet and TV subscription	Factuur 11380970337.pdf	11380970337	Q1	KPN B.V.	9.13	43.50	21.00	f	2026
684	2026-01-13	74.00	f	\N	4	57	Gas and electricity bill	Factuurnummer 40064362373.pdf	40064362373	Q1	Vattenfall Klantenservice N.V.	12.85	61.15	21.00	f	2026
685	2026-01-09	70.42	f	\N	4	22	Mobile phone subscription fee	Factuurnummer 1363612548.pdf	1363612548	Q1	KPN B.V.	12.22	58.20	21.00	f	2026
686	2026-01-02	2.99	f	\N	4	21	iCloud+ 200 GB monthly subscription	Gmail - Je factuur van Apple.pdf	724071774121	Q1	Apple	0.52	2.47	21.00	f	2026
687	2026-01-01	67.04	f	\N	4	57	Electricity costs Agridocks G-20	M004 A-142_ECO_Ceramica.pdf		Q1	Mandeligheid Agridocks	11.63	55.40	21.00	f	2026
688	2025-12-31	8.33	f	\N	4	23	Google Workspace Business Standard subscription	5448175064 .pdf	5448175064	Q1	Google Cloud EMEA Limited	\N	8.33	\N	f	2026
689	2025-12-30	2.99	f	\N	4	21	iCloud+ 200 GB monthly subscription	Gmail - Je factuur van Apple2.pdf	690069847321	Q1	Apple	0.52	2.47	21.00	f	2026
690	2025-12-25	0.99	f	\N	4	21	iCloud+ 50 GB monthly subscription	Gmail - Your invoice from Apple3.pdf	806067951223	Q1	Apple	0.17	0.82	21.00	f	2026
691	2026-04-30	13.60	f	\N	4	23	Google Workspace Business Standard Commitment	5556845722.pdf	5556845722	Q2	Google Cloud EMEA Limited	\N	13.60	\N	f	2026
692	2026-03-31	13.60	f	\N	4	23	Google Workspace subscription	5526636407.pdf	5526636407	Q2	Google Cloud EMEA Limited	\N	13.60	\N	f	2026
693	2026-04-10	70.42	f	\N	4	22	KPN Mobile subscription fee	Factuurnummer 1374305401.pdf	1374305401	Q2	KPN B.V.	12.22	58.20	21.00	f	2026
694	2026-04-25	0.99	f	\N	4	21	iCloud+ 50 GB monthly subscription	iCloud_042026.pdf	1-13474076822	Q2	Apple	0.17	0.82	21.00	f	2026
695	2026-04-25	52.63	f	\N	4	24	KPN Thuis TV, Internet & Bellen	Factuur 11391984849.pdf	11391984849	Q2	KPN B.V.	9.13	43.50	21.00	f	2026
696	2026-04-13	74.00	f	\N	4	57	Gas and electricity bill Vattenfall	Termijnnota.pdf	40065582650	Q2	Vattenfall	12.85	61.15	21.00	f	2026
697	2026-01-13	211.12	f	\N	7	34	KLM flight ticket purchase	klm CorteApr26.pdf		Q1	KLM	\N	\N	\N	f	2026
698	2026-01-13	290.12	f	\N	7	34	KLM flight ticket purchase	klm cersaie26.pdf		Q1	KLM	\N	\N	\N	f	2026
699	2026-04-15	48.00	f	\N	7	49	Dinner at La Gnoccheria	2026-04-15 Dinner_IT.pdf	DOC.2095-0082	Q2	La Gnoccheria	4.36	\N	10.00	f	2026
700	2026-04-25	21.50	f	\N	7	49	Drinks at Broker Advisor	2026-04-25 PR_Broker_BE.pdf		Q2	BROKER Advisor	3.73	\N	\N	f	2026
701	2026-04-25	15.60	f	\N	7	48	Parking fee in Turnhout	2026-04-25 parkingBE.pdf	72021	Q2	Parking Hema Turnhout	\N	15.60	\N	f	2026
702	2026-04-17	5.60	f	\N	7	48	Toll fee in Italy	2026-04-17 TOL2_IT.pdf		Q2	autostrade per Italia	\N	\N	\N	f	2026
703	2026-04-17	5.60	f	\N	7	48	Toll fee in Italy	2026-04-17 TOL1_IT.pdf		Q2	autostrade per Italia	\N	\N	\N	f	2026
704	2026-04-17	32.77	f	\N	7	47	Fuel purchase in Italy	2026-04-17 Fuel_IT.pdf	54903	Q2	CIS NORD	\N	\N	\N	f	2026
705	2026-04-22	378.12	f	\N	7	34	International air ticket Amsterdam to Bologna	Zakenreis_IT_0726.pdf	KLNL0033827094	Q2	KLM ROYAL DUTCH AIRLINES	\N	274.00	\N	f	2026
\.


--
-- Data for Name: costs_descriptionmodel; Type: TABLE DATA; Schema: public; Owner: adminmino_user
--

COPY public.costs_descriptionmodel (id, description, "categoryID_id") FROM stdin;
1	1Q Fee	1
2	2Q Fee	1
3	3Q Fee	1
4	4Q p.j. Fee	1
5	Tax p.j. Fee	1
6	Other	1
7	Other	2
8	Diesel	2
10	Road Tax VJL86F	2
11	Parking	2
12	Tol	2
13	Manutention	2
14	Ticket	2
15	ABNAmro	3
16	Post	3
17	PR	3
18	Office	3
19	Salary	3
20	Other	3
25	Other	4
29	Other	6
30	Other	7
32	Logistic cost	6
34	Flight	7
36	Car Rental	7
37	Other	8
38	Tax p.j.	8
39	4Q p.j. BTW	8
40	3Q BTW	8
41	2Q BTW	8
42	1Q BTW	8
45	Maintenance	9
46	ANWB	2
47	Fuel	7
49	PR	7
50	NS ovchipcards	7
51	Road Tax H353RZ	2
52	Benzina	2
9	Insurance VJL86F	2
53	Parking AMS	2
48	Tol&Parking	7
43	Costs 45G20	9
44	VVE Company	9
54	Taxes 45G20	9
22	KPN Mobile	4
24	KPN Thuis	4
23	Google	4
21	Apple	4
56	DropBox	4
58	ABNAmro fees	4
60	Softwares	4
57	Gas & Electra	4
59	NS OVchipkaart	4
55	Web Domein	4
33	Product Cost	6
35	Accommodation	7
61	S&D	3
\.


--
-- Data for Name: customers_customermodel; Type: TABLE DATA; Schema: public; Owner: adminmino_user
--

COPY public.customers_customermodel (id, name, address, postcode, city, nation, phone, email, btw, kvk, bankaccountname, iban, is_active) FROM stdin;
1	BRABANT B.V.	Croy, 34	5653 LD	Eindhoven	Netherlands	\N	\N	NL081711046B01	17079232	\N	\N	t
2	Van Schijndel Tegels	Vluchtoord 37A	5406 XP	Uden	The Netherlands	\N	\N	NL822039199B01	17116957	\N	\N	t
3	WOUTERS BOUWMATERIALEN B.V.	Gerwenseweg 43	5708 EJ	Helmond	Nederland	\N	\N	NL805511829B01	17093798	\N	\N	t
4	Jos Ariës	Edisonstraat 54	6902 PK	Zevenaar	The Netherlands	\N	\N	NL865993154B01	92310222	\N	\N	t
6	BouwPartner Pieper	Oude Telgterweg 290	3853 PL	Ermelo	The Netherlands	+31 341352931	bouw@pieper-ermelo.nl	NL009695825B01	08021229	\N	\N	t
7	Studio Intério	Tilburgseweg 33	5133 BA	Riel	The Netherlands	+31610183082	info@studio-interio.com	NL001777151B44	18082077	\N	\N	t
8	GruppoRomani s.p.a.	Via Alessandro Volta 23/25	42013	Casalgrande (RE)	Italy	\N	\N	03028130361	\N	\N	\N	t
9	KABRA Ootmarsum B.V.	De Mors 115-117	7631 BA	Ootmarsum	The Netherlands	\N	\N	NL851708778B01	55432522	\N	\N	t
10	van Rossum Tegelwerken B.V.	Willaerstraat 4	5344 AB	Oss	The Netherlands	+31412624690	info@vanrossumtegels.nl	NL820389390B01	17240249	\N	\N	t
11	RossTegels	Herentalsweg 4b	5628 RD	Eindhoven	The Netherlands	+31404218624	info@rosstegels.nl	NL814288030B01	17141940	\N	\N	t
12	Schuurschatten	Slot Assumburgpad 36	3123 RR	Schiedam	Nederland	\N	info@schuurschatten.nl	NL003995217B5	84652446	\N	\N	t
13	Commandant Tegelvloeren	Handelsweg 14	5492 NL	Sint-Oedenrode	Nederland	+31413479199	info@tegeloutlet.nl	NL851238099B01	54272386	\N	\N	t
\.


--
-- Data for Name: entries_entrymodel; Type: TABLE DATA; Schema: public; Owner: adminmino_user
--

COPY public.entries_entrymodel (id, date, overdue_date, quotation_reference, invoice_reference, is_invoice, is_commission, is_quotation, is_paid, pallets_quantity, pallets_price, pallets_total_price, pallets_notes, transport_gross, transport_bereken, transport_price_for_ton, transport_diesel_toeslag, transport_extra_stop, transport_extra_stop_cost, transport_total_no_btw, transport_total_btw, temp_no_btw_total, no_btw_total, btw_total, discount, btw_total_discount, final_total, loading_info, notes, company_id_id, customer_id_id, loading_address_id, supplier_id_id, is_archived, quarter_reference, year_reference) FROM stdin;
1	2024-01-14	2026-01-30	\N	INV2024-001	f	t	f	t	0	0.00	0.00	\N	0	0	0.00	0	0	0.00	0.00	0.00	8309.88	8309.88	8309.88	0	0.00	8309.88	\N	\N	1	\N	\N	1	t	Q1	2024
8	2024-02-02	2026-01-30	\N	INV2024-006	f	t	f	t	0	0.00	0.00	\N	0	0	0.00	0	0	0.00	0.00	0.00	185.44	185.44	185.44	0	0.00	185.44	\N	\N	1	\N	\N	2	t	Q1	2024
3	2024-01-29	2026-01-30	\N	INV2024-002	f	t	f	t	0	0.00	0.00	\N	0	0	0.00	0	0	0.00	0.00	0.00	28208.38	28208.38	28208.38	0	0.00	28208.38	\N	\N	1	\N	\N	3	t	Q1	2024
5	2024-01-29	2026-01-30	\N	INV2024-003	f	t	f	t	0	0.00	0.00	\N	0	0	0.00	0	0	0.00	0.00	0.00	655.19	655.19	655.19	0	0.00	655.19	\N	\N	1	\N	\N	2	t	Q1	2024
6	2024-01-29	2026-01-30	\N	INV2024-004	f	t	f	t	0	0.00	0.00	\N	0	0	0.00	0	0	0.00	0.00	0.00	4324.23	4324.23	4324.23	0	0.00	4324.23	\N	\N	1	\N	\N	4	t	Q1	2024
9	2024-04-12	2026-01-30	\N	INV2024-007	f	t	f	t	0	0.00	0.00	\N	0	0	0.00	0	0	0.00	0.00	0.00	4883.82	4883.82	4883.82	0	0.00	4883.82	\N	\N	1	\N	\N	1	t	Q2	2024
10	2024-04-18	2026-01-30	\N	INV2024-008	f	t	f	t	0	0.00	0.00	\N	0	0	0.00	0	0	0.00	0.00	0.00	32130.67	32130.67	32130.67	0	0.00	32130.67	\N	\N	1	\N	\N	3	t	Q2	2024
12	2024-04-18	2026-01-30	\N	INV2024-010	t	f	f	t	0	0.00	0.00	\N	0	0	0.00	0	0	0.00	0.00	0.00	300.00	300.00	363.00	0	363.00	363.00	\N	\N	1	1	\N	\N	t	Q2	2024
11	2024-04-18	2026-01-30	\N	INV2024-009	f	t	f	t	0	0.00	0.00	\N	0	0	0.00	0	0	0.00	0.00	0.00	5051.18	5051.18	5051.18	0	0.00	5051.18	\N	\N	1	\N	\N	4	t	Q2	2024
13	2024-04-11	2026-01-30	\N	INV2024-011	t	f	f	t	0	0.00	0.00	\N	0	0	0.00	0	1	100.00	100.00	121.00	190.45	90.45	109.44	0	109.44	230.44	\N	ref 248100626 VERDE1999	1	2	\N	\N	t	Q2	2024
14	2024-05-22	2026-01-30	\N	INV2024-012	f	t	f	t	0	0.00	0.00	\N	0	0	0.00	0	0	0.00	0.00	0.00	196.33	196.33	196.33	0	0.00	196.33	\N	\N	1	\N	\N	2	t	Q2	2024
15	2024-07-04	2026-01-30	\N	INV2024-013	f	t	f	t	0	0.00	0.00	\N	0	0	0.00	0	0	0.00	0.00	0.00	8231.66	8231.66	8231.66	0	0.00	8231.66	\N	\N	1	\N	\N	1	t	Q3	2024
16	2024-07-16	2026-01-30	\N	INV2024-014	f	t	f	t	0	0.00	0.00	\N	0	0	0.00	0	0	0.00	0.00	0.00	39700.65	39700.65	39700.65	0	0.00	39700.65	\N	\N	1	\N	\N	3	t	Q3	2024
18	2024-09-04	2026-01-30	\N	INV2024-016	f	t	f	t	0	0.00	0.00	\N	0	0	0.00	0	0	0.00	0.00	0.00	1181.48	1181.48	1181.48	0	0.00	1181.48	\N	\N	1	\N	\N	5	t	Q3	2024
17	2024-08-07	2026-01-30	\N	INV2024-015	f	t	f	t	0	0.00	0.00	\N	0	0	0.00	0	0	0.00	0.00	0.00	2409.76	2409.76	2409.76	0	0.00	2409.76	\N	\N	1	\N	\N	4	t	Q3	2024
20	2024-10-23	2026-01-30	\N	INV2024-018	f	t	f	t	0	0.00	0.00	\N	0	0	0.00	0	0	0.00	0.00	0.00	7745.07	7745.07	7745.07	0	0.00	7745.07	\N	\N	1	\N	\N	1	t	Q4	2024
19	2024-10-23	2026-01-30	\N	INV2024-017	f	t	f	t	0	0.00	0.00	\N	0	0	0.00	0	0	0.00	0.00	0.00	28795.10	28795.10	28795.10	0	0.00	28795.10	\N	\N	1	\N	\N	3	t	Q4	2024
21	2024-10-30	2026-01-30	\N	INV2024-019	f	t	f	t	0	0.00	0.00	\N	0	0	0.00	0	0	0.00	0.00	0.00	4711.85	4711.85	4711.85	0	0.00	4711.85	\N	\N	1	\N	\N	4	t	Q4	2024
26	2025-01-23	2026-01-30	\N	INV2025-004	f	t	f	t	0	0.00	0.00	\N	0	0	0.00	0	0	0.00	0.00	0.00	30637.64	30637.64	30637.64	0	0.00	30637.64	\N	\N	1	\N	\N	3	t	Q1	2025
23	2025-01-06	2026-01-30	QTN2025-001	INV2025-001	t	f	f	t	0	0.00	0.00	\N	0	0	0.00	0	0	0.00	0.00	0.00	2026.08	2026.08	2451.56	0	2451.56	2451.56	EXW ord.nr.: 3948591	REF.: Maassen - Oirschot	1	1	3	3	t	Q1	2025
24	2025-01-06	2026-01-30	QTN2025-002	INV2025-002	t	f	f	t	0	0.00	0.00	\N	0	0	0.00	0	0	0.00	0.00	0.00	1764.00	1764.00	2134.44	0	2134.44	2134.44	EXW Order nr. 000198	\N	1	3	4	6	t	Q1	2025
27	2025-01-27	2026-01-30	QTN2025-004	INV2025-007	t	f	f	t	0	0.00	0.00	\N	0	0	0.00	0	0	0.00	0.00	0.00	746.56	746.56	\N	0	903.34	903.34	Eco Ceramica Prof.nr.627	\N	1	4	\N	3	t	Q1	2025
31	2025-02-10	2026-01-30	QTN2025-006	INV2025-008	t	f	f	t	0	0.00	0.00	\N	0	0	0.00	0	0	0.00	0.00	0.00	1457.49	1457.49	\N	0	0.00	1763.56	1030 KG ready to load from 25/02 upon confirmation	EXW  Order nr. 3965893 Proforma 1273	1	7	3	3	t	Q1	2025
32	2025-03-05	2026-01-30	QTN2025-007	INV2025-009	t	f	t	t	0	0.00	0.00	\N	0	0	0.00	0	0	0.00	0.00	0.00	643.52	643.52	\N	0	0.00	778.66	\N	\N	1	7	\N	\N	t	Q1	2025
28	2025-01-29	2026-01-30	\N	INV2025-005	f	t	f	t	0	0.00	0.00	\N	0	0	0.00	0	0	0.00	0.00	0.00	592.66	592.66	592.66	0	0.00	592.66	\N	\N	1	\N	\N	4	t	Q1	2025
33	2025-03-24	2026-01-30	\N	INV2025-011	f	t	f	t	0	0.00	0.00	\N	0	0	0.00	0	0	0.00	0.00	0.00	739.85	739.85	739.85	0	0.00	739.85	\N	\N	1	\N	\N	3	t	Q1	2025
44	2025-07-15	2026-04-24	\N	INV2025-022	f	t	f	t	0	0.00	0.00	\N	0	0	0.00	0	0	0.00	0.00	0.00	4053.44	4053.44	4053.44	0	0.00	4053.44	\N	\N	1	\N	\N	4	f	Q3	2025
35	2025-04-10	2026-01-30	QTN2025-008	INV2025-013	t	f	f	t	0	0.00	0.00	\N	0	0	0.00	0	0	0.00	0.00	0.00	6468.00	6468.00	\N	0	0.00	7826.28	REF. 2946/3990069 - 5 pallets 6020Kg	\N	1	9	3	3	t	Q2	2025
34	2025-04-10	2026-01-30	\N	INV2025-012	f	t	f	t	0	0.00	0.00	\N	0	0	0.00	0	0	0.00	0.00	0.00	11489.50	11489.50	11489.50	0	0.00	11489.50	\N	\N	1	\N	\N	1	t	Q2	2025
36	2025-04-16	2026-01-30	\N	INV2025-014	f	t	f	t	0	0.00	0.00	\N	0	0	0.00	0	0	0.00	0.00	0.00	25808.70	25808.70	25808.70	0	0.00	25808.70	\N	\N	1	\N	\N	3	t	Q2	2025
37	2025-05-07	2026-01-30	\N	INV2025-015	t	f	f	t	0	0.00	0.00	\N	0	0	0.00	0	0	0.00	0.00	0.00	1254.40	1254.40	\N	0	0.00	1517.82	ref.3998915	2 pallets - Kg 1112	1	7	3	3	t	Q2	2025
38	2025-05-12	2026-01-30	QTN2025-009	INV2025-016	t	f	t	t	0	0.00	0.00	\N	0	0	0.00	0	0	0.00	0.00	0.00	365.47	365.47	\N	0	0.00	442.22	REF. 3603/3998536 - 1 pallet 187Kg	\N	1	6	\N	3	t	Q2	2025
40	2025-06-30	2026-01-30	QTN2025-011	INV2025-018	t	f	t	t	0	0.00	0.00	\N	0	0	0.00	0	0	0.00	0.00	0.00	2520.00	2520.00	\N	0	0.00	3049.20	\N	\N	1	11	\N	6	t	Q2	2025
46	2025-07-22	2026-01-30	\N	INV2025-023	t	f	f	t	0	0.00	0.00	\N	0	0	0.00	0	0	0.00	0.00	0.00	419.12	419.12	\N	0	0.00	507.14	REF.5998/4029006 loading from Tue 24/07	550kg	1	12	3	3	t	Q3	2025
42	2025-07-15	2026-01-30	\N	INV2025-020	f	t	f	t	0	0.00	0.00	\N	0	0	0.00	0	0	0.00	0.00	0.00	21117.08	21117.08	21117.08	0	0.00	21117.08	\N	\N	1	\N	\N	1	t	Q3	2025
43	2025-07-15	2026-01-30	\N	INV2025-021	f	t	f	t	0	0.00	0.00	\N	0	0	0.00	0	0	0.00	0.00	0.00	36482.81	36482.81	36482.81	0	0.00	36482.81	\N	\N	1	\N	\N	3	t	Q3	2025
49	2025-09-02	2026-01-30	\N	INV2025-025	t	f	f	t	0	0.00	0.00	\N	0	0	0.00	0	0	0.00	0.00	0.00	2520.00	2520.00	\N	0	0.00	3049.20	\N	\N	1	13	\N	\N	t	Q3	2025
39	2025-06-30	2026-01-30	QTN2025-010	INV2025-019	t	f	t	t	0	0.00	0.00	\N	0	0	0.00	0	0	0.00	0.00	0.00	2520.00	2520.00	\N	0	0.00	3049.20	\N	\N	1	10	\N	6	t	Q2	2025
45	2025-07-18	2026-01-30	QTN2025-012	INV2025-026	t	f	t	t	0	0.00	0.00	\N	0	0	0.00	0	0	0.00	0.00	0.00	2556.00	2556.00	\N	0	0.00	3092.76	\N	\N	1	10	\N	\N	t	Q3	2025
41	2025-06-26	2026-01-30	\N	INV2025-017	f	t	f	t	0	0.00	0.00	\N	0	0	0.00	0	0	0.00	0.00	0.00	776.22	776.22	776.22	0	0.00	776.22	\N	\N	1	\N	\N	5	t	Q2	2025
29	2025-01-29	2026-01-30	\N	INV2025-006	f	t	f	t	0	0.00	0.00	\N	0	0	0.00	0	0	0.00	0.00	0.00	2191.55	2191.55	2191.55	0	0.00	2191.55	\N	\N	1	\N	\N	4	t	Q1	2025
7	2024-01-28	2026-01-30	QTN2024-001	INV2024-005	t	f	f	t	0	0.00	0.00	\N	0	0	0.00	0	0	0.00	0.00	0.00	2710.00	2710.00	3279.10	0	3279.10	3279.10	EXW  Order nr. 2151135	\N	1	1	2	2	t	Q1	2024
25	2025-01-23	2026-01-30	QTN2025-003	INV2025-003	f	t	f	t	0	0.00	0.00	\N	0	0	0.00	0	0	0.00	0.00	0.00	8644.55	8644.55	8644.55	0	0.00	8644.55	\N	\N	1	\N	\N	1	t	Q1	2025
30	2025-01-30	2026-01-30	QTN2025-005	INV2025-010	t	f	t	t	0	0.00	0.00	\N	0	0	0.00	0	0	0.00	0.00	0.00	959.04	959.04	\N	0	1160.44	1160.44	EXW ord.nr.: 3959171 Ecoceramica Prof.nr.767	1 pallet; GrossWeight KG 535,00	1	6	3	3	t	Q1	2025
51	2025-10-20	2026-01-30	\N	INV2025-028	f	t	f	t	0	0.00	0.00	\N	0	0	0.00	0	0	0.00	0.00	0.00	40164.04	40164.04	40164.04	0	0.00	40164.04	\N	\N	1	\N	\N	3	t	Q4	2025
50	2025-10-03	2026-01-30	\N	INV2025-027	f	t	f	t	0	0.00	0.00	\N	0	0	0.00	0	0	0.00	0.00	0.00	56.61	56.61	56.61	0	0.00	56.61	\N	\N	1	\N	\N	5	t	Q4	2025
47	2025-09-01	2026-01-30	\N	INV2025-024	f	t	f	t	0	0.00	0.00	\N	0	0	0.00	0	0	0.00	0.00	0.00	381.28	381.28	381.28	0	0.00	381.28	\N	\N	1	\N	\N	5	t	Q4	2025
54	2026-01-30	2026-03-02	\N	INV2026-001	f	t	f	t	0	0.00	0.00	\N	0	0	0.00	0	0	0.00	0.00	0.00	39771.65	39771.65	39771.65	0	0.00	39771.65	\N	\N	1	\N	\N	3	f	Q1	2026
52	2025-11-11	2026-03-02	\N	INV2025-029	f	t	f	t	0	0.00	0.00	\N	0	0	0.00	0	0	0.00	0.00	0.00	169.00	169.00	169.00	0	0.00	169.00	\N	\N	1	\N	\N	5	f	Q4	2025
58	2026-05-02	2026-05-28	\N	INV2026-005	f	t	f	t	0	0.00	0.00	\N	0	0	0.00	0	0	0.00	0.00	0.00	398.78	398.78	398.78	0	0.00	398.78	\N	\N	1	\N	\N	5	f	Q2	2026
53	2025-12-03	2026-03-17	\N	INV2025-030	f	t	f	t	0	0.00	0.00	\N	0	0	0.00	0	0	0.00	0.00	0.00	179.48	179.48	179.48	0	0.00	179.48	\N	\N	1	\N	\N	5	f	Q4	2025
57	2026-04-24	2026-05-28	\N	INV2026-004	f	t	f	t	0	0.00	0.00	\N	0	0	0.00	0	0	0.00	0.00	0.00	44843.90	44843.90	44843.90	0	0.00	44843.90	\N	\N	1	\N	\N	3	f	Q2	2026
55	2026-03-02	2026-03-17	\N	INV2026-002	f	t	f	t	0	0.00	0.00	\N	0	0	0.00	0	0	0.00	0.00	0.00	2739.48	2739.48	2739.48	0	0.00	2739.48	\N	\N	1	\N	\N	5	f	Q1	2026
56	2026-04-02	2026-05-28	\N	INV2026-003	f	t	f	t	0	0.00	0.00	\N	0	0	0.00	0	0	0.00	0.00	0.00	365.43	365.43	365.43	0	0.00	365.43	\N	\N	1	\N	\N	5	f	Q2	2026
59	2026-05-28	2026-06-27	\N	INV2026-006	f	t	f	f	0	0.00	0.00	\N	0	0	0.00	0	0	0.00	0.00	0.00	303.20	303.20	303.20	0	0.00	303.20	\N	\N	1	\N	\N	5	f	Q2	2026
\.


--
-- Data for Name: entries_entryproductsmodel; Type: TABLE DATA; Schema: public; Owner: adminmino_user
--

COPY public.entries_entryproductsmodel (id, name, description, quantity, unity, unity_price, discount, total, entry_id_id) FROM stdin;
1	Commissions 31/12/2023	\N	1.00	m2	8309.88	0.0	8309.88	1
4	commissions 31/12/2023	\N	1.00	m2	655.19	0.0	655.19	5
5	commissions 31/12/2023	\N	1.00	m2	4324.23	0.0	4324.23	6
6	Maniero	Avorio 100x100 RT	86.00	m2	25.00	0.0	2150.00	7
7	Maniero	Avorio 20 RT 100x100	16.00	m2	35.00	0.0	560.00	7
8	Prestazione occasionale cliente in ref.Ord.nr. 2151135 del 15/01/2024	\N	1.00	m2	185.44	0.0	185.44	8
9	commission 31/12/2023	\N	1.00	m2	28208.38	0.0	28208.38	3
10	commissions 31/03/2024	\N	1.00	m2	4883.82	0.0	4883.82	9
11	provvigioni al 31/03/24	\N	1.00	m2	32130.67	0.0	32130.67	10
12	MATURATO AL 31/03/24	\N	1.00	m2	5051.18	0.0	5051.18	11
13	Maniero	Avorio RT 100x100 A50-2	12.00	m2	25.00	0.0	300.00	12
14	Matrix	60x60 rett FUMO	5.40	m2	16.75	0.0	90.45	13
15	commissions 30/04/2024	\N	1.00	m2	196.33	0.0	196.33	14
16	commissions 30/06/2024	\N	1.00	m2	8231.66	0.0	8231.66	15
17	provvigioni al 30/06/24	\N	1.00	m2	39700.65	0.0	39700.65	16
18	commissions 30/06/2024	\N	1.00	m2	2409.76	0.0	2409.76	17
19	commissions 30/06/2024	\N	1.00	m2	1181.48	0.0	1181.48	18
20	provvigioni al 30/09/24	\N	1.00	m2	28795.10	0.0	28795.10	19
21	provvigioni maturate al 30/09/2024	\N	1.00	m2	7745.07	0.0	7745.07	20
22	commissions 30/06/2024	\N	1.00	m2	4711.85	0.0	4711.85	21
24	Travertini 2	60x60 rett Beige	120.96	m2	16.75	0.0	2026.08	23
25	Clip ECO	art.10237 - 1.5MM	504.00	m2	3.50	0.0	1764.00	24
26	provvigioni maturate al 31/12/2024	\N	1.00	m2	8644.55	0.0	8644.55	25
27	provvigioni al 31/12/24	\N	1.00	m2	30637.64	0.0	30637.64	26
28	CSAR - Cotti Fatti a Mano	10x10 Oceano Blu	1.50	m2	96.00	0.0	144.00	27
29	CSAR - Le Ossidiane	Mos.Spaccatella 1x1 Blu Alice	20.00	m2	22.40	0.0	448.00	27
30	CSAR - Le Ossidiane	20x20 Atlantic Blu	4.20	m2	36.80	0.0	154.56	27
31	provvigioni CERDISA al 31/12/2024	\N	1.00	m2	592.66	0.0	592.66	28
32	provvigioni Ricchetti al 31/12/2024	\N	1.00	m2	2191.55	0.0	2191.55	29
33	CSAR - Abitare la Terra	Genziana 80x80 rett	15.36	m2	36.00	0.0	552.96	30
34	CSAR - Abitare la Terra	Genziana trace 20x20	9.60	m2	42.30	0.0	406.08	30
35	PIETRA DI PORTLAND	Bianco 60x60 rett	12.96	m2	25.60	2.0	325.14	31
36	PIETRA DI PORTLAND	Bianco 60x120 rett	18.72	m2	32.80	2.0	601.74	31
37	PIETRA DI PORTLAND	Bianco Cannettato 60x120 rett	14.40	m2	37.60	2.0	530.61	31
38	PIETRA DI PORTLAND	60x60 Bianco rett.	1.08	m2	25.60	2.0	27.10	32
39	PIETRA DI PORTLAND	60x60 Sabbia rett.	11.88	m2	25.60	2.0	298.05	32
40	PIETRA DI PORTLAND	6ox120 Cannettato Bianco rett.	8.64	m2	37.60	2.0	318.37	32
41	spese sostenute per vs. ordine e conto	\N	1.00	st	739.85	0.0	739.85	33
42	provvigioni al 31/03/2025	\N	1.00	m2	11489.50	0.0	11489.50	34
43	Serenissima CONCRETA	120x120 rett ECRU	275.00	m2	24.00	2.0	6468.00	35
44	provvigioni al 31/03/25	\N	1.00	m2	25808.70	0.0	25808.70	36
45	PIETRA DI PORTLAND	Bianco 60x60 rett A51-5	50.00	m2	25.60	2.0	1254.40	37
46	CSAR - Abitare la Terra	Oleastro trace 20x20	9.60	m2	42.30	10.0	365.47	38
47	Clip ECO 1,5mm incl Transport	250st/zak-14zakken/doos-36dozen/plt	36.00	bx	70.00	0.0	2520.00	39
49	ECO Clips 1,5mm incl transport	250st/zak-14zakken/doos-36dozen/plt	36.00	bx	70.00	0.0	2520.00	40
50	commission june2025	\N	1.00	st	776.22	0.0	776.22	41
51	provvigioni Verde 1999 al 30.06.2025	\N	1.00	m2	21117.08	0.0	21117.08	42
52	Commissions for II° quarter 2025	\N	1.00	m2	36482.81	0.0	36482.81	43
53	Provvigioni al maturato 1Q 2025	\N	1.00	m2	4053.44	0.0	4053.44	44
54	Clip ECO 2,0mm incl. Transport	250st/zak; 14zakken/doos	30.00	bx	70.00	0.0	2100.00	45
55	Wedge ECO incl. Transport	250st/zak; 8zakken/doos	6.00	bx	76.00	0.0	456.00	45
56	CIR - Havana FINCA VIGIA MIX	20x20 F50	27.04	m2	15.50	0.0	419.12	46
57	30/07/2025	commission	1.00	m2	161.66	0.0	161.66	47
58	24/08/2025	commission	1.00	m2	219.62	0.0	219.62	47
61	Clip ECO 1,5mm incl Transport	250st/zak-14zakken/doos-36dozen/plt	36.00	bx	70.00	0.0	2520.00	49
62	provvigioni al 31/08/25	\N	1.00	m2	56.61	0.0	56.61	50
63	commissions for III° quarter 2025	\N	1.00	m2	40164.04	0.0	40164.04	51
64	commission 28/10/2025	\N	1.00	m2	169.00	0.0	169.00	52
65	commissions 30/11/2025	\N	1.00	m2	179.48	0.0	179.48	53
66	Commissions for IV° quarter 2025	\N	1.00	m2	39771.65	0.0	39771.65	54
67	Commission 11/2025	\N	1.00	m2	1456.15	0.0	1456.15	55
68	Commission 12/2025	\N	1.00	m2	633.64	0.0	633.64	55
69	Commission 01/2026	\N	1.00	m2	649.69	0.0	649.69	55
70	Commission	03/2026	1.00	m2	365.43	0.0	365.43	56
71	I° quarter 2026	commissions	1.00	m2	44843.90	0.0	44843.90	57
72	Commission	04/2026	1.00	m2	398.78	0.0	398.78	58
73	Commission	05/2026 Q2	1.00	m2	303.20	0.0	303.20	59
\.


--
-- Data for Name: mycompany_mycompanymodel; Type: TABLE DATA; Schema: public; Owner: adminmino_user
--

COPY public.mycompany_mycompanymodel (id, name, address, postcode, city, nation, telephone, email, btw, kvk, iban, is_active) FROM stdin;
1	EcoCeramica	De Wittenstraat 9B	1052AJ	Amsterdam	Netherlands	0031629419802	info@ecoceramica.nl	NL002443093B02	73243515 te Amsterdam	NL 54 ABNA 0839278411	t
\.


--
-- Data for Name: suppliers_loadingaddressmodel; Type: TABLE DATA; Schema: public; Owner: adminmino_user
--

COPY public.suppliers_loadingaddressmodel (id, address, postcode, city, nation, supplier_id_id) FROM stdin;
1	Via Ghiarola Nuova 158	41042	Fiorano Modenese	Italy	1
2	Via Emilia Ponente, 1000	48014	Castel Bolognese (RA)	Italy	2
3	Via Platone 9	42048	Rubiera (RE)	Italy	3
4	COMERCIAL QUIMBAYA S.L. - Polígono Industrial Hort de Calafre - Calle Hort de Don Gregori 2  Valencia Spain	46470-Alba	Valencia	Spain	6
5	Via A. Volta 9	42013	Casalgrande (RE)	Italy	3
\.


--
-- Data for Name: suppliers_suppliermodel; Type: TABLE DATA; Schema: public; Owner: adminmino_user
--

COPY public.suppliers_suppliermodel (id, name, address, postcode, city, nation, phone, email, btw, kvk, bankaccountname, iban, is_active) FROM stdin;
1	VERDE s.r.l.	Via Ghiarola Nuova 158	41042	Fiorano Modenese	Italy	\N	\N	IT02694970365	C.F.01527620353	\N	\N	t
2	CERDOMUS s.r.l.	Via Emilia Ponente, 1000	48014	Castel Bolognese (RA)	Italy	\N	\N	02620780391	\N	\N	\N	t
3	GruppoRomani s.p.a.	Via Alessandro Volta 23/25	42013	Casalgrande (RE)	Italy	\N	\N	03028130361	\N	\N	\N	t
4	Gruppo Ceramiche Ricchetti S.p.A.	Via Trebbo, 109	41053	Maranello (MO)	Italy	\N	\N	01252010366	00327740379	\N	\N	t
5	C.I.N.C.A.	Rua Principal, 39	4505-374	Fiaes	Portugal	\N	\N	500064040	\N	\N	\N	t
6	COMERCIAL QUIMBAYA S.L.	AVDA. BLASCO IBAÑEZ 11 1	46470	CATARROJA - Valencia	Spain	\N	\N	73243515	\N	\N	\N	t
\.


--
-- Name: costs_categorymodel_id_seq; Type: SEQUENCE SET; Schema: public; Owner: adminmino_user
--

SELECT pg_catalog.setval('public.costs_categorymodel_id_seq', 9, true);


--
-- Name: costs_costmodel_id_seq; Type: SEQUENCE SET; Schema: public; Owner: adminmino_user
--

SELECT pg_catalog.setval('public.costs_costmodel_id_seq', 705, true);


--
-- Name: costs_descriptionmodel_id_seq; Type: SEQUENCE SET; Schema: public; Owner: adminmino_user
--

SELECT pg_catalog.setval('public.costs_descriptionmodel_id_seq', 61, true);


--
-- Name: customers_customermodel_id_seq; Type: SEQUENCE SET; Schema: public; Owner: adminmino_user
--

SELECT pg_catalog.setval('public.customers_customermodel_id_seq', 13, true);


--
-- Name: entries_entrymodel_id_seq; Type: SEQUENCE SET; Schema: public; Owner: adminmino_user
--

SELECT pg_catalog.setval('public.entries_entrymodel_id_seq', 59, true);


--
-- Name: entries_entryproductsmodel_id_seq; Type: SEQUENCE SET; Schema: public; Owner: adminmino_user
--

SELECT pg_catalog.setval('public.entries_entryproductsmodel_id_seq', 73, true);


--
-- Name: mycompany_mycompanymodel_id_seq; Type: SEQUENCE SET; Schema: public; Owner: adminmino_user
--

SELECT pg_catalog.setval('public.mycompany_mycompanymodel_id_seq', 1, true);


--
-- Name: suppliers_loadingaddressmodel_id_seq; Type: SEQUENCE SET; Schema: public; Owner: adminmino_user
--

SELECT pg_catalog.setval('public.suppliers_loadingaddressmodel_id_seq', 5, true);


--
-- Name: suppliers_suppliermodel_id_seq; Type: SEQUENCE SET; Schema: public; Owner: adminmino_user
--

SELECT pg_catalog.setval('public.suppliers_suppliermodel_id_seq', 6, true);


--
-- Name: costs_categorymodel costs_categorymodel_pkey; Type: CONSTRAINT; Schema: public; Owner: adminmino_user
--

ALTER TABLE ONLY public.costs_categorymodel
    ADD CONSTRAINT costs_categorymodel_pkey PRIMARY KEY (id);


--
-- Name: costs_costmodel costs_costmodel_pkey; Type: CONSTRAINT; Schema: public; Owner: adminmino_user
--

ALTER TABLE ONLY public.costs_costmodel
    ADD CONSTRAINT costs_costmodel_pkey PRIMARY KEY (id);


--
-- Name: costs_descriptionmodel costs_descriptionmodel_pkey; Type: CONSTRAINT; Schema: public; Owner: adminmino_user
--

ALTER TABLE ONLY public.costs_descriptionmodel
    ADD CONSTRAINT costs_descriptionmodel_pkey PRIMARY KEY (id);


--
-- Name: customers_customermodel customers_customermodel_pkey; Type: CONSTRAINT; Schema: public; Owner: adminmino_user
--

ALTER TABLE ONLY public.customers_customermodel
    ADD CONSTRAINT customers_customermodel_pkey PRIMARY KEY (id);


--
-- Name: entries_entrymodel entries_entrymodel_invoice_reference_key; Type: CONSTRAINT; Schema: public; Owner: adminmino_user
--

ALTER TABLE ONLY public.entries_entrymodel
    ADD CONSTRAINT entries_entrymodel_invoice_reference_key UNIQUE (invoice_reference);


--
-- Name: entries_entrymodel entries_entrymodel_pkey; Type: CONSTRAINT; Schema: public; Owner: adminmino_user
--

ALTER TABLE ONLY public.entries_entrymodel
    ADD CONSTRAINT entries_entrymodel_pkey PRIMARY KEY (id);


--
-- Name: entries_entrymodel entries_entrymodel_quotation_reference_key; Type: CONSTRAINT; Schema: public; Owner: adminmino_user
--

ALTER TABLE ONLY public.entries_entrymodel
    ADD CONSTRAINT entries_entrymodel_quotation_reference_key UNIQUE (quotation_reference);


--
-- Name: entries_entryproductsmodel entries_entryproductsmodel_pkey; Type: CONSTRAINT; Schema: public; Owner: adminmino_user
--

ALTER TABLE ONLY public.entries_entryproductsmodel
    ADD CONSTRAINT entries_entryproductsmodel_pkey PRIMARY KEY (id);


--
-- Name: mycompany_mycompanymodel mycompany_mycompanymodel_pkey; Type: CONSTRAINT; Schema: public; Owner: adminmino_user
--

ALTER TABLE ONLY public.mycompany_mycompanymodel
    ADD CONSTRAINT mycompany_mycompanymodel_pkey PRIMARY KEY (id);


--
-- Name: suppliers_loadingaddressmodel suppliers_loadingaddressmodel_pkey; Type: CONSTRAINT; Schema: public; Owner: adminmino_user
--

ALTER TABLE ONLY public.suppliers_loadingaddressmodel
    ADD CONSTRAINT suppliers_loadingaddressmodel_pkey PRIMARY KEY (id);


--
-- Name: suppliers_suppliermodel suppliers_suppliermodel_pkey; Type: CONSTRAINT; Schema: public; Owner: adminmino_user
--

ALTER TABLE ONLY public.suppliers_suppliermodel
    ADD CONSTRAINT suppliers_suppliermodel_pkey PRIMARY KEY (id);


--
-- Name: costs_costmodel_category_id_id_c050d867; Type: INDEX; Schema: public; Owner: adminmino_user
--

CREATE INDEX costs_costmodel_category_id_id_c050d867 ON public.costs_costmodel USING btree (category_id_id);


--
-- Name: costs_costmodel_description_id_id_d0607c6a; Type: INDEX; Schema: public; Owner: adminmino_user
--

CREATE INDEX costs_costmodel_description_id_id_d0607c6a ON public.costs_costmodel USING btree (description_id_id);


--
-- Name: costs_descriptionmodel_categoryID_id_cb55da57; Type: INDEX; Schema: public; Owner: adminmino_user
--

CREATE INDEX "costs_descriptionmodel_categoryID_id_cb55da57" ON public.costs_descriptionmodel USING btree ("categoryID_id");


--
-- Name: entries_entrymodel_company_id_id_2aafcb68; Type: INDEX; Schema: public; Owner: adminmino_user
--

CREATE INDEX entries_entrymodel_company_id_id_2aafcb68 ON public.entries_entrymodel USING btree (company_id_id);


--
-- Name: entries_entrymodel_customer_id_id_e47d47a5; Type: INDEX; Schema: public; Owner: adminmino_user
--

CREATE INDEX entries_entrymodel_customer_id_id_e47d47a5 ON public.entries_entrymodel USING btree (customer_id_id);


--
-- Name: entries_entrymodel_invoice_reference_3999ad3b_like; Type: INDEX; Schema: public; Owner: adminmino_user
--

CREATE INDEX entries_entrymodel_invoice_reference_3999ad3b_like ON public.entries_entrymodel USING btree (invoice_reference varchar_pattern_ops);


--
-- Name: entries_entrymodel_loading_address_id_252848b6; Type: INDEX; Schema: public; Owner: adminmino_user
--

CREATE INDEX entries_entrymodel_loading_address_id_252848b6 ON public.entries_entrymodel USING btree (loading_address_id);


--
-- Name: entries_entrymodel_quotation_reference_9c4e5b17_like; Type: INDEX; Schema: public; Owner: adminmino_user
--

CREATE INDEX entries_entrymodel_quotation_reference_9c4e5b17_like ON public.entries_entrymodel USING btree (quotation_reference varchar_pattern_ops);


--
-- Name: entries_entrymodel_supplier_id_id_9b7b1850; Type: INDEX; Schema: public; Owner: adminmino_user
--

CREATE INDEX entries_entrymodel_supplier_id_id_9b7b1850 ON public.entries_entrymodel USING btree (supplier_id_id);


--
-- Name: entries_entryproductsmodel_entry_id_id_011c8706; Type: INDEX; Schema: public; Owner: adminmino_user
--

CREATE INDEX entries_entryproductsmodel_entry_id_id_011c8706 ON public.entries_entryproductsmodel USING btree (entry_id_id);


--
-- Name: suppliers_loadingaddressmodel_supplier_id_id_c5d314b1; Type: INDEX; Schema: public; Owner: adminmino_user
--

CREATE INDEX suppliers_loadingaddressmodel_supplier_id_id_c5d314b1 ON public.suppliers_loadingaddressmodel USING btree (supplier_id_id);


--
-- Name: costs_costmodel costs_costmodel_category_id_id_c050d867_fk_costs_cat; Type: FK CONSTRAINT; Schema: public; Owner: adminmino_user
--

ALTER TABLE ONLY public.costs_costmodel
    ADD CONSTRAINT costs_costmodel_category_id_id_c050d867_fk_costs_cat FOREIGN KEY (category_id_id) REFERENCES public.costs_categorymodel(id) DEFERRABLE INITIALLY DEFERRED;


--
-- Name: costs_costmodel costs_costmodel_description_id_id_d0607c6a_fk_costs_des; Type: FK CONSTRAINT; Schema: public; Owner: adminmino_user
--

ALTER TABLE ONLY public.costs_costmodel
    ADD CONSTRAINT costs_costmodel_description_id_id_d0607c6a_fk_costs_des FOREIGN KEY (description_id_id) REFERENCES public.costs_descriptionmodel(id) DEFERRABLE INITIALLY DEFERRED;


--
-- Name: costs_descriptionmodel costs_descriptionmod_categoryID_id_cb55da57_fk_costs_cat; Type: FK CONSTRAINT; Schema: public; Owner: adminmino_user
--

ALTER TABLE ONLY public.costs_descriptionmodel
    ADD CONSTRAINT "costs_descriptionmod_categoryID_id_cb55da57_fk_costs_cat" FOREIGN KEY ("categoryID_id") REFERENCES public.costs_categorymodel(id) DEFERRABLE INITIALLY DEFERRED;


--
-- Name: entries_entrymodel entries_entrymodel_company_id_id_2aafcb68_fk_mycompany; Type: FK CONSTRAINT; Schema: public; Owner: adminmino_user
--

ALTER TABLE ONLY public.entries_entrymodel
    ADD CONSTRAINT entries_entrymodel_company_id_id_2aafcb68_fk_mycompany FOREIGN KEY (company_id_id) REFERENCES public.mycompany_mycompanymodel(id) DEFERRABLE INITIALLY DEFERRED;


--
-- Name: entries_entrymodel entries_entrymodel_customer_id_id_e47d47a5_fk_customers; Type: FK CONSTRAINT; Schema: public; Owner: adminmino_user
--

ALTER TABLE ONLY public.entries_entrymodel
    ADD CONSTRAINT entries_entrymodel_customer_id_id_e47d47a5_fk_customers FOREIGN KEY (customer_id_id) REFERENCES public.customers_customermodel(id) DEFERRABLE INITIALLY DEFERRED;


--
-- Name: entries_entrymodel entries_entrymodel_loading_address_id_252848b6_fk_suppliers; Type: FK CONSTRAINT; Schema: public; Owner: adminmino_user
--

ALTER TABLE ONLY public.entries_entrymodel
    ADD CONSTRAINT entries_entrymodel_loading_address_id_252848b6_fk_suppliers FOREIGN KEY (loading_address_id) REFERENCES public.suppliers_loadingaddressmodel(id) DEFERRABLE INITIALLY DEFERRED;


--
-- Name: entries_entrymodel entries_entrymodel_supplier_id_id_9b7b1850_fk_suppliers; Type: FK CONSTRAINT; Schema: public; Owner: adminmino_user
--

ALTER TABLE ONLY public.entries_entrymodel
    ADD CONSTRAINT entries_entrymodel_supplier_id_id_9b7b1850_fk_suppliers FOREIGN KEY (supplier_id_id) REFERENCES public.suppliers_suppliermodel(id) DEFERRABLE INITIALLY DEFERRED;


--
-- Name: entries_entryproductsmodel entries_entryproduct_entry_id_id_011c8706_fk_entries_e; Type: FK CONSTRAINT; Schema: public; Owner: adminmino_user
--

ALTER TABLE ONLY public.entries_entryproductsmodel
    ADD CONSTRAINT entries_entryproduct_entry_id_id_011c8706_fk_entries_e FOREIGN KEY (entry_id_id) REFERENCES public.entries_entrymodel(id) DEFERRABLE INITIALLY DEFERRED;


--
-- Name: suppliers_loadingaddressmodel suppliers_loadingadd_supplier_id_id_c5d314b1_fk_suppliers; Type: FK CONSTRAINT; Schema: public; Owner: adminmino_user
--

ALTER TABLE ONLY public.suppliers_loadingaddressmodel
    ADD CONSTRAINT suppliers_loadingadd_supplier_id_id_c5d314b1_fk_suppliers FOREIGN KEY (supplier_id_id) REFERENCES public.suppliers_suppliermodel(id) DEFERRABLE INITIALLY DEFERRED;


--
-- Name: TABLE costs_categorymodel; Type: ACL; Schema: public; Owner: adminmino_user
--

GRANT SELECT,INSERT,DELETE,UPDATE ON TABLE public.costs_categorymodel TO n8n_user;


--
-- Name: SEQUENCE costs_categorymodel_id_seq; Type: ACL; Schema: public; Owner: adminmino_user
--

GRANT SELECT,USAGE ON SEQUENCE public.costs_categorymodel_id_seq TO n8n_user;


--
-- Name: TABLE costs_costmodel; Type: ACL; Schema: public; Owner: adminmino_user
--

GRANT SELECT,INSERT,DELETE,UPDATE ON TABLE public.costs_costmodel TO n8n_user;


--
-- Name: SEQUENCE costs_costmodel_id_seq; Type: ACL; Schema: public; Owner: adminmino_user
--

GRANT SELECT,USAGE ON SEQUENCE public.costs_costmodel_id_seq TO n8n_user;


--
-- Name: TABLE costs_descriptionmodel; Type: ACL; Schema: public; Owner: adminmino_user
--

GRANT SELECT,INSERT,DELETE,UPDATE ON TABLE public.costs_descriptionmodel TO n8n_user;


--
-- Name: SEQUENCE costs_descriptionmodel_id_seq; Type: ACL; Schema: public; Owner: adminmino_user
--

GRANT SELECT,USAGE ON SEQUENCE public.costs_descriptionmodel_id_seq TO n8n_user;


--
-- Name: TABLE customers_customermodel; Type: ACL; Schema: public; Owner: adminmino_user
--

GRANT SELECT,INSERT,DELETE,UPDATE ON TABLE public.customers_customermodel TO n8n_user;


--
-- Name: SEQUENCE customers_customermodel_id_seq; Type: ACL; Schema: public; Owner: adminmino_user
--

GRANT SELECT,USAGE ON SEQUENCE public.customers_customermodel_id_seq TO n8n_user;


--
-- Name: TABLE entries_entrymodel; Type: ACL; Schema: public; Owner: adminmino_user
--

GRANT SELECT,INSERT,DELETE,UPDATE ON TABLE public.entries_entrymodel TO n8n_user;


--
-- Name: SEQUENCE entries_entrymodel_id_seq; Type: ACL; Schema: public; Owner: adminmino_user
--

GRANT SELECT,USAGE ON SEQUENCE public.entries_entrymodel_id_seq TO n8n_user;


--
-- Name: TABLE entries_entryproductsmodel; Type: ACL; Schema: public; Owner: adminmino_user
--

GRANT SELECT,INSERT,DELETE,UPDATE ON TABLE public.entries_entryproductsmodel TO n8n_user;


--
-- Name: SEQUENCE entries_entryproductsmodel_id_seq; Type: ACL; Schema: public; Owner: adminmino_user
--

GRANT SELECT,USAGE ON SEQUENCE public.entries_entryproductsmodel_id_seq TO n8n_user;


--
-- Name: TABLE mycompany_mycompanymodel; Type: ACL; Schema: public; Owner: adminmino_user
--

GRANT SELECT,INSERT,DELETE,UPDATE ON TABLE public.mycompany_mycompanymodel TO n8n_user;


--
-- Name: SEQUENCE mycompany_mycompanymodel_id_seq; Type: ACL; Schema: public; Owner: adminmino_user
--

GRANT SELECT,USAGE ON SEQUENCE public.mycompany_mycompanymodel_id_seq TO n8n_user;


--
-- Name: TABLE suppliers_loadingaddressmodel; Type: ACL; Schema: public; Owner: adminmino_user
--

GRANT SELECT,INSERT,DELETE,UPDATE ON TABLE public.suppliers_loadingaddressmodel TO n8n_user;


--
-- Name: SEQUENCE suppliers_loadingaddressmodel_id_seq; Type: ACL; Schema: public; Owner: adminmino_user
--

GRANT SELECT,USAGE ON SEQUENCE public.suppliers_loadingaddressmodel_id_seq TO n8n_user;


--
-- Name: TABLE suppliers_suppliermodel; Type: ACL; Schema: public; Owner: adminmino_user
--

GRANT SELECT,INSERT,DELETE,UPDATE ON TABLE public.suppliers_suppliermodel TO n8n_user;


--
-- Name: SEQUENCE suppliers_suppliermodel_id_seq; Type: ACL; Schema: public; Owner: adminmino_user
--

GRANT SELECT,USAGE ON SEQUENCE public.suppliers_suppliermodel_id_seq TO n8n_user;


--
-- PostgreSQL database dump complete
--

\unrestrict JXnDXWWOqvYiUcx6w7GQP3Us7MMfcM8SV3cMhkszLDg4Fm3rAa7sXnIILyDLtsG

